类型,类名（枚举名、接口名、类型名）,方法名（枚举成员、对象签名）,注释,状态,备注,版本号,时间,回复,,,,,,,,,,,,
类,DMT_Board,,文档树 / 板子管理类,测试通过,,,,,,,,,,,,,,,,
方法,DMT_Board,copyBoard,复制板子,测试通过,,,,,,,,,,,,,,,,
方法,DMT_Board,createBoard,创建板子,测试通过,,,,,,,,,,,,,,,,
方法,DMT_Board,deleteBoard,删除板子,测试通过,,,,,,,,,,,,,,,,
方法,DMT_Board,getAllBoardsInfo,获取工程内所有板子的详细属性,测试通过,,,,,,,,,,,,,,,,
方法,DMT_Board,getBoardInfo,获取板子的详细属性,测试通过,,,,,,,,,,,,,,,,
方法,DMT_Board,getCurrentBoardInfo,获取当前板子的详细属性,测试通过,,,,,,,,,,,,,,,,
方法,DMT_Board,modifyBoardName,修改板子名称,测试通过,,,,,,,,,,,,,,,,
类,DMT_EditorControl,,文档树 / 编辑器控制类,测试通过,,,,,,,,,,,,,,,,
方法,DMT_EditorControl,activateDocument,激活文档,测试通过,,,,,,,,,,,,,,,,
方法,DMT_EditorControl,activateSplitScreen,激活分屏,测试通过,,,,,,,,,,,,,,,,
方法,DMT_EditorControl,closeDocument,关闭文档,测试通过,,,,,,,,,,,,,,,,
方法,DMT_EditorControl,createSplitScreen,创建分屏,测试通过,,,,,,,,,,,,,,,,
方法,DMT_EditorControl,getSplitScreenIdByTabId,使用标签页 ID 获取分屏 ID,测试通过,,,,,,,,,,,,,,,,
方法,DMT_EditorControl,getSplitScreenTree,获取编辑器分屏属性树,测试通过,,,,,,,,,,,,,,,,
方法,DMT_EditorControl,getTabsBySplitScreenId,获取指定分屏 ID 下的所有标签页,测试通过,,,,,,,,,,,,,,,,
方法,DMT_EditorControl,mergeAllDocumentFromSplitScreen,合并所有分屏,测试通过,,,,,,,,,,,,,,,,
方法,DMT_EditorControl,moveDocumentToSplitScreen,将文档移动到指定分屏,测试通过,,,,,,,,,,,,,,,,
方法,DMT_EditorControl,openDocument,打开文档,测试通过,,,,,,,,,,,,,,,,
方法,DMT_EditorControl,tileAllDocumentToSplitScreen,平铺所有文档,测试通过,,,,,,,,,,,,,,,,
类,DMT_Folder,,文档树 / 文件夹类,测试通过,,,,,,,,,,,,,,,,
方法,DMT_Folder,createFolder,创建文件夹,测试通过,,,,,,,,,,,,,,,,
方法,DMT_Folder,deleteFolder,删除文件夹,测试通过,,,,,,,,,,,,,,,,
方法,DMT_Folder,getAllFoldersUuid,获取所有文件夹的 UUID,测试通过,,,,,,,,,,,,,,,,
方法,DMT_Folder,getFolderInfo,获取文件夹详细属性,测试通过,,,,,,,,,,,,,,,,
方法,DMT_Folder,modifyFolderDescription,修改文件夹描述,测试失败,返回false,,,,,,,,,,,,,,,
方法,DMT_Folder,modifyFolderName,修改文件夹名称,测试通过,,,,,,,,,,,,,,,,
方法,DMT_Folder,moveFolderToFolder,移动文件夹,测试通过,,,,,,,,,,,,,,,,
类,DMT_Panel,,文档树 / 面板管理类,测试通过,,,,,,,,,,,,,,,,
方法,DMT_Panel,copyPanel,复制面板,测试通过,,,,,,,,,,,,,,,,
方法,DMT_Panel,createPanel,创建面板,测试通过,,,,,,,,,,,,,,,,
方法,DMT_Panel,deletePanel,删除面板,测试通过,,,,,,,,,,,,,,,,
方法,DMT_Panel,getAllPanelsInfo,获取工程内所有面板的详细属性,测试通过,,,,,,,,,,,,,,,,
方法,DMT_Panel,getCurrentPanelInfo,获取当前面板的详细属性,测试通过,,,,,,,,,,,,,,,,
方法,DMT_Panel,getPanelInfo,获取面板的详细属性,测试通过,,,,,,,,,,,,,,,,
方法,DMT_Panel,modifyPanelName,修改面板名称,测试通过,,,,,,,,,,,,,,,,
类,DMT_Pcb,,文档树 / PCB 管理类,测试通过,,,,,,,,,,,,,,,,
方法,DMT_Pcb,copyPcb,复制 PCB,测试失败,指定所属PCB时失败,,,,,,,,,,,,,,,
方法,DMT_Pcb,createPcb,创建 PCB,测试失败,指定所属PCB时失败,,,,,,,,,,,,,,,
方法,DMT_Pcb,deletePcb,删除 PCB,测试通过,,,,,,,,,,,,,,,,
方法,DMT_Pcb,getAllPcbsInfo,获取工程内所有 PCB 的详细属性,测试通过,,,,,,,,,,,,,,,,
方法,DMT_Pcb,getCurrentPcbInfo,获取当前 PCB 的详细属性,测试通过,,,,,,,,,,,,,,,,
方法,DMT_Pcb,getPcbInfo,获取 PCB 的详细属性,测试通过,,,,,,,,,,,,,,,,
方法,DMT_Pcb,modifyPcbName,修改 PCB 名称,测试通过,,,,,,,,,,,,,,,,
类,DMT_Project,,文档树 / 工程管理类,测试通过,,,,,,,,,,,,,,,,
方法,DMT_Project,createProject,创建工程,测试通过,,,,,,,,,,,,,,,,
方法,DMT_Project,getAllProjectsUuid,获取所有工程的 UUID,测试失败,获取到的工程与输入的团队uuid不符合,,,,,,,,,,,,,,,
方法,DMT_Project,getCurrentProjectInfo,获取当前工程的详细属性,测试通过,内网已修复,,,,,,,,,,,,,,,
方法,DMT_Project,getProjectInfo,获取工程属性,测试通过,,,,,,,,,,,,,,,,
方法,DMT_Project,moveProjectToFolder,移动工程到文件夹,测试失败,指定文件夹时失败，移动到根目录时无效但返回了true,,,,,,,,,,,,,,,
方法,DMT_Project,openProject,打开工程,测试通过,,,,,,,,,,,,,,,,
类,DMT_Schematic,,文档树 / 原理图管理类,测试通过,,,,,,,,,,,,,,,,
方法,DMT_Schematic,copySchematic,复制原理图,测试通过,,,,,,,,,,,,,,,,
方法,DMT_Schematic,copySchematicPage,复制原理图图页,测试通过,,,,,,,,,,,,,,,,
方法,DMT_Schematic,createSchematic,创建原理图,测试失败,指定所属板子名称时失败，可以直接创建在工程根目录,,,,,,,,,,,,,,,
方法,DMT_Schematic,createSchematicPage,创建原理图图页,测试通过,,,,,,,,,,,,,,,,
方法,DMT_Schematic,deleteSchematic,删除原理图,测试通过,,,,,,,,,,,,,,,,
方法,DMT_Schematic,deleteSchematicPage,删除原理图图页,测试通过,,,,,,,,,,,,,,,,
方法,DMT_Schematic,getAllSchematicPagesInfo,获取工程内所有原理图图页的详细属性,测试通过,,,,,,,,,,,,,,,,
方法,DMT_Schematic,getAllSchematicsInfo,获取工程内所有原理图的详细属性,测试通过,,,,,,,,,,,,,,,,
方法,DMT_Schematic,getCurrentSchematicAllSchematicPagesInfo,获取当前原理图内所有原理图图页的详细属性,测试通过,已修复,,,,,,,,,,,,,,,
方法,DMT_Schematic,getCurrentSchematicInfo,获取当前原理图的详细属性,测试通过,,,,,,,,,,,,,,,,
方法,DMT_Schematic,getCurrentSchematicPageInfo,获取当前原理图图页的详细属性,测试通过,,,,,,,,,,,,,,,,
方法,DMT_Schematic,getSchematicInfo,获取原理图的详细属性,测试通过,,,,,,,,,,,,,,,,
方法,DMT_Schematic,getSchematicPageInfo,获取原理图图页的详细属性,测试通过,,,,,,,,,,,,,,,,
方法,DMT_Schematic,modifySchematicName,修改原理图名称,测试通过,,,,,,,,,,,,,,,,
方法,DMT_Schematic,modifySchematicPageName,修改原理图图页名称,测试通过,,,,,,,,,,,,,,,,
方法,DMT_Schematic,modifySchematicPageTitleBlock,修改原理图图页明细表,测试通过,,,,,,,,,,,,,,,,
方法,DMT_Schematic,reorderSchematicPages,重新排序原理图图页,测试失败,调用失败,,,,,,,,,,,,,,,
类,DMT_SelectControl,,文档树 / 选择控制类,测试通过,,,,,,,,,,,,,,,,
方法,DMT_SelectControl,getCurrentDocumentInfo,获取当前文档的属性,测试通过,,,,,,,,,,,,,,,,
类,DMT_Team,,文档树 / 团队类,测试通过,,,,,,,,,,,,,,,,
方法,DMT_Team,getAllInvolvedTeamInfo,获取所有参与的团队的详细属性,测试通过,,,,,,,,,,,,,,,,
方法,DMT_Team,getAllTeamsInfo,获取所有直接团队的详细属性,测试通过,,,,,,,,,,,,,,,,
方法,DMT_Team,getCurrentTeamInfo,获取当前团队的详细属性,测试通过,,,,,,,,,,,,,,,,
类,DMT_Workspace,,文档树 / 工作区类,测试通过,,,,,,,,,,,,,,,,
方法,DMT_Workspace,getAllWorkspacesInfo,获取所有工作区的详细属性,测试通过,,,,,,,,,,,,,,,,
方法,DMT_Workspace,getCurrentWorkspaceInfo,获取当前工作区的详细属性,测试通过,,,,,,,,,,,,,,,,
方法,DMT_Workspace,toggleToWorkspace,切换到工作区,测试中,,,,,,,,,,,,,,,,
类,EDA,,嘉立创 EDA 专业版 API 接口,待测试,,,,,,,,,,,,,,,,
类,IPCB_ComplexPolygon,,复杂多边形,待测试,,,,,,,,,,,,,,,,
方法,IPCB_ComplexPolygon,addSource,添加多边形数据,待测试,,,,,,,,,,,,,,,,
方法,IPCB_ComplexPolygon,getSource,获取多边形数据,待测试,,,,,,,,,,,,,,,,
方法,IPCB_ComplexPolygon,getSourceStrictComplex,获取复杂多边形数据,待测试,,,,,,,,,,,,,,,,
类,IPCB_Polygon,,单多边形,待测试,,,,,,,,,,,,,,,,
方法,IPCB_Polygon,getSource,获取单多边形数据,待测试,,,,,,,,,,,,,,,,
类,IPCB_PrimitiveArc,,圆弧线图元,待测试,,,,,,,,,,,,,,,,
方法,IPCB_PrimitiveArc,done,将对图元的更改应用到画布,待测试,,,,,,,,,,,,,,,,
方法,IPCB_PrimitiveArc,getState_ArcAngle,获取属性状态：圆弧角度,待测试,,,,,,,,,,,,,,,,
方法,IPCB_PrimitiveArc,getState_EndX,获取属性状态：终止位置 X,待测试,,,,,,,,,,,,,,,,
方法,IPCB_PrimitiveArc,getState_EndY,获取属性状态：终止位置 Y,待测试,,,,,,,,,,,,,,,,
方法,IPCB_PrimitiveArc,getState_InteractiveMode,获取属性状态：交互模式,待测试,,,,,,,,,,,,,,,,
方法,IPCB_PrimitiveArc,getState_Layer,获取属性状态：层,待测试,,,,,,,,,,,,,,,,
方法,IPCB_PrimitiveArc,getState_LineWidth,获取属性状态：线宽,待测试,,,,,,,,,,,,,,,,
方法,IPCB_PrimitiveArc,getState_Net,获取属性状态：网络名称,待测试,,,,,,,,,,,,,,,,
方法,IPCB_PrimitiveArc,getState_PrimitiveId,获取属性状态：图元 ID,待测试,,,,,,,,,,,,,,,,
方法,IPCB_PrimitiveArc,getState_PrimitiveLock,获取属性状态：是否锁定,待测试,,,,,,,,,,,,,,,,
方法,IPCB_PrimitiveArc,getState_PrimitiveType,获取属性状态：图元类型,待测试,,,,,,,,,,,,,,,,
方法,IPCB_PrimitiveArc,getState_StartX,获取属性状态：起始位置 X,待测试,,,,,,,,,,,,,,,,
方法,IPCB_PrimitiveArc,getState_StartY,获取属性状态：起始位置 Y,待测试,,,,,,,,,,,,,,,,
方法,IPCB_PrimitiveArc,isAsync,查询图元是否为异步图元,待测试,,,,,,,,,,,,,,,,
方法,IPCB_PrimitiveArc,reset,将异步图元重置为当前画布状态,待测试,,,,,,,,,,,,,,,,
方法,IPCB_PrimitiveArc,setState_ArcAngle,设置属性状态：圆弧角度,待测试,,,,,,,,,,,,,,,,
方法,IPCB_PrimitiveArc,setState_EndX,设置属性状态：终止位置 X,待测试,,,,,,,,,,,,,,,,
方法,IPCB_PrimitiveArc,setState_EndY,设置属性状态：终止位置 Y,待测试,,,,,,,,,,,,,,,,
方法,IPCB_PrimitiveArc,setState_InteractiveMode,设置属性状态：交互模式,待测试,,,,,,,,,,,,,,,,
方法,IPCB_PrimitiveArc,setState_Layer,设置属性状态：层,待测试,,,,,,,,,,,,,,,,
方法,IPCB_PrimitiveArc,setState_LineWidth,设置属性状态：线宽,待测试,,,,,,,,,,,,,,,,
方法,IPCB_PrimitiveArc,setState_Net,设置属性状态：网络名称,待测试,,,,,,,,,,,,,,,,
方法,IPCB_PrimitiveArc,setState_PrimitiveLock,设置属性状态：是否锁定,待测试,,,,,,,,,,,,,,,,
方法,IPCB_PrimitiveArc,setState_StartX,设置属性状态：起始位置 X,待测试,,,,,,,,,,,,,,,,
方法,IPCB_PrimitiveArc,setState_StartY,设置属性状态：起始位置 Y,待测试,,,,,,,,,,,,,,,,
方法,IPCB_PrimitiveArc,toAsync,将图元转换为异步图元,待测试,,,,,,,,,,,,,,,,
方法,IPCB_PrimitiveArc,toSync,将图元转换为同步图元,待测试,,,,,,,,,,,,,,,,
类,IPCB_PrimitiveComponent,,器件图元,待测试,,,,,,,,,,,,,,,,
方法,IPCB_PrimitiveComponent,done,将对图元的更改应用到画布,待测试,,,,,,,,,,,,,,,,
方法,IPCB_PrimitiveComponent,getState_PrimitiveId,获取对象的图元 ID,待测试,,,,,,,,,,,,,,,,
方法,IPCB_PrimitiveComponent,getState_PrimitiveType,获取对象的图元 ID,待测试,,,,,,,,,,,,,,,,
方法,IPCB_PrimitiveComponent,isAsync,查询图元是否为异步图元,待测试,,,,,,,,,,,,,,,,
方法,IPCB_PrimitiveComponent,reset,将异步图元重置为当前画布状态,待测试,,,,,,,,,,,,,,,,
方法,IPCB_PrimitiveComponent,setState_OtherProperty,设置属性状态：其它参数,待测试,,,,,,,,,,,,,,,,
方法,IPCB_PrimitiveComponent,toAsync,将图元转换为异步图元,待测试,,,,,,,,,,,,,,,,
方法,IPCB_PrimitiveComponent,toSync,将图元转换为同步图元,待测试,,,,,,,,,,,,,,,,
类,IPCB_PrimitiveDimension,,尺寸标注图元,待测试,,,,,,,,,,,,,,,,
方法,IPCB_PrimitiveDimension,done,将对图元的更改应用到画布,待测试,,,,,,,,,,,,,,,,
方法,IPCB_PrimitiveDimension,getState_CoordinateSet,获取属性状态：坐标集,待测试,,,,,,,,,,,,,,,,
方法,IPCB_PrimitiveDimension,getState_DimensionType,获取属性状态：尺寸标注类型,待测试,,,,,,,,,,,,,,,,
方法,IPCB_PrimitiveDimension,getState_Layer,获取属性状态：层,待测试,,,,,,,,,,,,,,,,
方法,IPCB_PrimitiveDimension,getState_LineWidth,获取属性状态：线宽,待测试,,,,,,,,,,,,,,,,
方法,IPCB_PrimitiveDimension,getState_Precision,获取属性状态：精度,待测试,,,,,,,,,,,,,,,,
方法,IPCB_PrimitiveDimension,getState_PrimitiveId,获取属性状态：图元 ID,待测试,,,,,,,,,,,,,,,,
方法,IPCB_PrimitiveDimension,getState_PrimitiveLock,获取属性状态：是否锁定,待测试,,,,,,,,,,,,,,,,
方法,IPCB_PrimitiveDimension,getState_PrimitiveType,获取属性状态：图元类型,待测试,,,,,,,,,,,,,,,,
方法,IPCB_PrimitiveDimension,getState_TextFollow,获取属性状态：文字跟随,待测试,,,,,,,,,,,,,,,,
方法,IPCB_PrimitiveDimension,getState_Unit,获取属性状态：单位,待测试,,,,,,,,,,,,,,,,
方法,IPCB_PrimitiveDimension,isAsync,查询图元是否为异步图元,待测试,,,,,,,,,,,,,,,,
方法,IPCB_PrimitiveDimension,reset,将异步图元重置为当前画布状态,待测试,,,,,,,,,,,,,,,,
方法,IPCB_PrimitiveDimension,setState_CoordinateSet,设置属性状态：坐标集,待测试,,,,,,,,,,,,,,,,
方法,IPCB_PrimitiveDimension,setState_DimensionType,设置属性状态：尺寸标注类型,待测试,,,,,,,,,,,,,,,,
方法,IPCB_PrimitiveDimension,setState_Layer,设置属性状态：层,待测试,,,,,,,,,,,,,,,,
方法,IPCB_PrimitiveDimension,setState_LineWidth,设置属性状态：线宽,待测试,,,,,,,,,,,,,,,,
方法,IPCB_PrimitiveDimension,setState_Precision,设置属性状态：精度,待测试,,,,,,,,,,,,,,,,
方法,IPCB_PrimitiveDimension,setState_PrimitiveLock,设置属性状态：是否锁定,待测试,,,,,,,,,,,,,,,,
方法,IPCB_PrimitiveDimension,setState_Unit,设置属性状态：单位,待测试,,,,,,,,,,,,,,,,
方法,IPCB_PrimitiveDimension,toAsync,将图元转换为异步图元,待测试,,,,,,,,,,,,,,,,
方法,IPCB_PrimitiveDimension,toSync,将图元转换为同步图元,待测试,,,,,,,,,,,,,,,,
类,IPCB_PrimitiveFill,,填充图元,待测试,,,,,,,,,,,,,,,,
方法,IPCB_PrimitiveFill,getState_ComplexPolygon,获取属性状态：复杂多边形,待测试,,,,,,,,,,,,,,,,
方法,IPCB_PrimitiveFill,getState_FillMode,获取属性状态：填充模式,待测试,,,,,,,,,,,,,,,,
方法,IPCB_PrimitiveFill,getState_Layer,获取属性状态：层,待测试,,,,,,,,,,,,,,,,
方法,IPCB_PrimitiveFill,getState_LineWidth,获取属性状态：线宽,待测试,,,,,,,,,,,,,,,,
方法,IPCB_PrimitiveFill,getState_Net,获取属性状态：网络名称,待测试,,,,,,,,,,,,,,,,
方法,IPCB_PrimitiveFill,getState_PrimitiveId,获取属性状态：图元 ID,待测试,,,,,,,,,,,,,,,,
方法,IPCB_PrimitiveFill,getState_PrimitiveLock,获取属性状态：是否锁定,待测试,,,,,,,,,,,,,,,,
方法,IPCB_PrimitiveFill,getState_PrimitiveType,获取属性状态：图元类型,待测试,,,,,,,,,,,,,,,,
方法,IPCB_PrimitiveFill,isAsync,查询图元是否为异步图元,待测试,,,,,,,,,,,,,,,,
方法,IPCB_PrimitiveFill,setState_ComplexPolygon,设置属性状态：复杂多边形,待测试,,,,,,,,,,,,,,,,
方法,IPCB_PrimitiveFill,setState_FillMode,设置属性状态：填充模式,待测试,,,,,,,,,,,,,,,,
方法,IPCB_PrimitiveFill,setState_Layer,设置属性状态：层,待测试,,,,,,,,,,,,,,,,
方法,IPCB_PrimitiveFill,setState_LineWidth,设置属性状态：线宽,待测试,,,,,,,,,,,,,,,,
方法,IPCB_PrimitiveFill,setState_Net,设置属性状态：网络名称,待测试,,,,,,,,,,,,,,,,
方法,IPCB_PrimitiveFill,setState_PrimitiveLock,设置属性状态：是否锁定,待测试,,,,,,,,,,,,,,,,
方法,IPCB_PrimitiveFill,toAsync,将图元转换为异步图元,待测试,,,,,,,,,,,,,,,,
方法,IPCB_PrimitiveFill,toSync,将图元转换为同步图元,待测试,,,,,,,,,,,,,,,,
类,IPCB_PrimitiveImage,,图像图元,待测试,,,,,,,,,,,,,,,,
方法,IPCB_PrimitiveImage,done,将对图元的更改应用到画布,待测试,,,,,,,,,,,,,,,,
方法,IPCB_PrimitiveImage,getState_ComplexPolygon,获取属性状态：图像源数据（复杂多边形）,待测试,,,,,,,,,,,,,,,,
方法,IPCB_PrimitiveImage,getState_Height,获取属性状态：高,待测试,,,,,,,,,,,,,,,,
方法,IPCB_PrimitiveImage,getState_HorizonMirror,获取属性状态：是否水平镜像,待测试,,,,,,,,,,,,,,,,
方法,IPCB_PrimitiveImage,getState_Layer,获取属性状态：层,待测试,,,,,,,,,,,,,,,,
方法,IPCB_PrimitiveImage,getState_PrimitiveId,获取属性状态：图元 ID,待测试,,,,,,,,,,,,,,,,
方法,IPCB_PrimitiveImage,getState_PrimitiveLock,获取属性状态：是否锁定,待测试,,,,,,,,,,,,,,,,
方法,IPCB_PrimitiveImage,getState_PrimitiveType,获取属性状态：图元类型,待测试,,,,,,,,,,,,,,,,
方法,IPCB_PrimitiveImage,getState_Rotation,获取属性状态：旋转角度,待测试,,,,,,,,,,,,,,,,
方法,IPCB_PrimitiveImage,getState_Width,获取属性状态：宽,待测试,,,,,,,,,,,,,,,,
方法,IPCB_PrimitiveImage,getState_X,获取属性状态：BBox 左上点坐标 X,待测试,,,,,,,,,,,,,,,,
方法,IPCB_PrimitiveImage,getState_Y,获取属性状态：BBox 左上点坐标 Y,待测试,,,,,,,,,,,,,,,,
方法,IPCB_PrimitiveImage,isAsync,查询图元是否为异步图元,待测试,,,,,,,,,,,,,,,,
方法,IPCB_PrimitiveImage,reset,将异步图元重置为当前画布状态,待测试,,,,,,,,,,,,,,,,
方法,IPCB_PrimitiveImage,setState_Height,设置属性状态：高,待测试,,,,,,,,,,,,,,,,
方法,IPCB_PrimitiveImage,setState_HorizonMirror,设置属性状态：是否水平镜像,待测试,,,,,,,,,,,,,,,,
方法,IPCB_PrimitiveImage,setState_Layer,设置属性状态：层,待测试,,,,,,,,,,,,,,,,
方法,IPCB_PrimitiveImage,setState_PrimitiveLock,设置属性状态：是否锁定,待测试,,,,,,,,,,,,,,,,
方法,IPCB_PrimitiveImage,setState_Rotation,设置属性状态：旋转角度,待测试,,,,,,,,,,,,,,,,
方法,IPCB_PrimitiveImage,setState_Width,设置属性状态：宽,待测试,,,,,,,,,,,,,,,,
方法,IPCB_PrimitiveImage,setState_X,设置属性状态：BBox 左上点坐标 X,待测试,,,,,,,,,,,,,,,,
方法,IPCB_PrimitiveImage,setState_Y,设置属性状态：BBox 左上点坐标 Y,待测试,,,,,,,,,,,,,,,,
方法,IPCB_PrimitiveImage,toAsync,将图元转换为异步图元,待测试,,,,,,,,,,,,,,,,
方法,IPCB_PrimitiveImage,toSync,将图元转换为同步图元,待测试,,,,,,,,,,,,,,,,
类,IPCB_PrimitiveLine,,直线图元,待测试,,,,,,,,,,,,,,,,
方法,IPCB_PrimitiveLine,done,将对图元的更改应用到画布,测试失败,图元尺寸发生变化,,,坐标 10 倍差异问题,,,,,,,,,,,,
方法,IPCB_PrimitiveLine,getState_EndX,获取属性状态：终止位置 X,测试通过,值缩小十倍,,,,,,,,,,,,,,,
方法,IPCB_PrimitiveLine,getState_EndY,获取属性状态：终止位置 Y,测试通过,值缩小十倍,,,,,,,,,,,,,,,
方法,IPCB_PrimitiveLine,getState_Layer,获取属性状态：层,测试通过,,,,,,,,,,,,,,,,
方法,IPCB_PrimitiveLine,getState_LineWidth,获取属性状态：线宽,测试通过,值缩小十倍,,,,,,,,,,,,,,,
方法,IPCB_PrimitiveLine,getState_Net,获取属性状态：网络名称,测试通过,,,,,,,,,,,,,,,,
方法,IPCB_PrimitiveLine,getState_PrimitiveId,获取属性状态：图元 ID,测试通过,,,,,,,,,,,,,,,,
方法,IPCB_PrimitiveLine,getState_PrimitiveLock,获取属性状态：是否锁定,测试通过,,,,,,,,,,,,,,,,
方法,IPCB_PrimitiveLine,getState_PrimitiveType,获取属性状态：图元类型,测试通过,值缩小十倍,,,,,,,,,,,,,,,
方法,IPCB_PrimitiveLine,getState_StartX,获取属性状态：起始位置 X,测试通过,值缩小十倍,,,,,,,,,,,,,,,
方法,IPCB_PrimitiveLine,getState_StartY,获取属性状态：起始位置 Y,测试通过,值缩小十倍,,,,,,,,,,,,,,,
方法,IPCB_PrimitiveLine,isAsync,查询图元是否为异步图元,测试通过,,,,,,,,,,,,,,,,
方法,IPCB_PrimitiveLine,reset,将异步图元重置为当前画布状态,测试通过,,,,,,,,,,,,,,,,
方法,IPCB_PrimitiveLine,setState_EndX,设置属性状态：终止位置 X,测试通过,起点值发生变化,,,,,,,,,,,,,,,
方法,IPCB_PrimitiveLine,setState_EndY,设置属性状态：终止位置 Y,测试通过,起点值发生变化,,,,,,,,,,,,,,,
方法,IPCB_PrimitiveLine,setState_Layer,设置属性状态：层,测试通过,长度缩小十倍,,,,,,,,,,,,,,,
方法,IPCB_PrimitiveLine,setState_LineWidth,设置属性状态：线宽,测试通过,值十倍放大,,,,,,,,,,,,,,,
方法,IPCB_PrimitiveLine,setState_Net,设置属性状态：网络名称,测试通过,控制台显示更改，图页属性未同步更改,,,执行 done() 后才会同步更改,,,,,,,,,,,,
方法,IPCB_PrimitiveLine,setState_PrimitiveLock,设置属性状态：是否锁定,测试通过,长度缩小十倍,,,,,,,,,,,,,,,
方法,IPCB_PrimitiveLine,setState_StartX,设置属性状态：起始位置 X,测试通过,不生效,,,,,,,,,,,,,,,
方法,IPCB_PrimitiveLine,setState_StartY,设置属性状态：起始位置 Y,测试通过,不生效,,,,,,,,,,,,,,,
方法,IPCB_PrimitiveLine,toAsync,将图元转换为异步图元,测试通过,,,,,,,,,,,,,,,,
方法,IPCB_PrimitiveLine,toSync,将图元转换为同步图元,测试通过,触发done导致尺寸变化,,,,,,,,,,,,,,,
类,IPCB_PrimitiveObject,,二进制内嵌对象图元,待测试,,,,,,,,,,,,,,,,
方法,IPCB_PrimitiveObject,getState_BinaryData,获取属性状态：二进制数据,待测试,,,,,,,,,,,,,,,,
方法,IPCB_PrimitiveObject,getState_FileName,获取属性状态：文件名,待测试,,,,,,,,,,,,,,,,
方法,IPCB_PrimitiveObject,getState_Height,获取属性状态：高,待测试,,,,,,,,,,,,,,,,
方法,IPCB_PrimitiveObject,getState_Layer,获取属性状态：层,待测试,,,,,,,,,,,,,,,,
方法,IPCB_PrimitiveObject,getState_Mirror,获取属性状态：是否水平镜像,待测试,,,,,,,,,,,,,,,,
方法,IPCB_PrimitiveObject,getState_PrimitiveId,获取属性状态：图元 ID,待测试,,,,,,,,,,,,,,,,
方法,IPCB_PrimitiveObject,getState_PrimitiveLock,获取属性状态：是否锁定,待测试,,,,,,,,,,,,,,,,
方法,IPCB_PrimitiveObject,getState_PrimitiveType,获取属性状态：图元类型,待测试,,,,,,,,,,,,,,,,
方法,IPCB_PrimitiveObject,getState_Rotation,获取属性状态：旋转角度,待测试,,,,,,,,,,,,,,,,
方法,IPCB_PrimitiveObject,getState_TopLeftX,获取属性状态：左上点 X,待测试,,,,,,,,,,,,,,,,
方法,IPCB_PrimitiveObject,getState_TopLeftY,获取属性状态：左上点 Y,待测试,,,,,,,,,,,,,,,,
方法,IPCB_PrimitiveObject,getState_Width,获取属性状态：宽,待测试,,,,,,,,,,,,,,,,
方法,IPCB_PrimitiveObject,isAsync,查询图元是否为异步图元,待测试,,,,,,,,,,,,,,,,
方法,IPCB_PrimitiveObject,setState_BinaryData,设置属性状态：二进制数据,待测试,,,,,,,,,,,,,,,,
方法,IPCB_PrimitiveObject,setState_FileName,设置属性状态：文件名,待测试,,,,,,,,,,,,,,,,
方法,IPCB_PrimitiveObject,setState_Height,设置属性状态：高,待测试,,,,,,,,,,,,,,,,
方法,IPCB_PrimitiveObject,setState_Layer,设置属性状态：层,待测试,,,,,,,,,,,,,,,,
方法,IPCB_PrimitiveObject,setState_Mirror,设置属性状态：是否水平镜像,待测试,,,,,,,,,,,,,,,,
方法,IPCB_PrimitiveObject,setState_PrimitiveLock,设置属性状态：是否锁定,待测试,,,,,,,,,,,,,,,,
方法,IPCB_PrimitiveObject,setState_Rotation,设置属性状态：旋转角度,待测试,,,,,,,,,,,,,,,,
方法,IPCB_PrimitiveObject,setState_TopLeftX,设置属性状态：左上点 X,待测试,,,,,,,,,,,,,,,,
方法,IPCB_PrimitiveObject,setState_TopLeftY,设置属性状态：左上点 Y,待测试,,,,,,,,,,,,,,,,
方法,IPCB_PrimitiveObject,setState_Width,设置属性状态：宽,待测试,,,,,,,,,,,,,,,,
方法,IPCB_PrimitiveObject,toAsync,将图元转换为异步图元,待测试,,,,,,,,,,,,,,,,
方法,IPCB_PrimitiveObject,toSync,将图元转换为同步图元,待测试,,,,,,,,,,,,,,,,
类,IPCB_PrimitivePad,,焊盘图元,待测试,,,,,,,,,,,,,,,,
方法,IPCB_PrimitivePad,create,在 PCB 画布中创建图元,待测试,,,,,,,,,,,,,,,,
方法,IPCB_PrimitivePad,done,将对图元的更改应用到画布,待测试,,,,,,,,,,,,,,,,
方法,IPCB_PrimitivePad,getState_HeatWelding,获取属性状态：热焊优化参数,待测试,,,,,,,,,,,,,,,,
方法,IPCB_PrimitivePad,getState_Hole,获取属性状态：孔,待测试,,,,,,,,,,,,,,,,
方法,IPCB_PrimitivePad,getState_HoleOffsetX,获取属性状态：孔偏移 X,待测试,,,,,,,,,,,,,,,,
方法,IPCB_PrimitivePad,getState_HoleOffsetY,获取属性状态：孔偏移 Y,待测试,,,,,,,,,,,,,,,,
方法,IPCB_PrimitivePad,getState_HoleRotation,获取属性状态：孔相对于焊盘的旋转角度,待测试,,,,,,,,,,,,,,,,
方法,IPCB_PrimitivePad,getState_Layer,获取属性状态：层,待测试,,,,,,,,,,,,,,,,
方法,IPCB_PrimitivePad,getState_Metallization,获取属性状态：是否金属化孔壁,待测试,,,,,,,,,,,,,,,,
方法,IPCB_PrimitivePad,getState_Net,获取属性状态：网络名称,待测试,,,,,,,,,,,,,,,,
方法,IPCB_PrimitivePad,getState_Pad,获取属性状态：焊盘外形,待测试,,,,,,,,,,,,,,,,
方法,IPCB_PrimitivePad,getState_PadFunction,获取属性状态：焊盘功能,待测试,,,,,,,,,,,,,,,,
方法,IPCB_PrimitivePad,getState_PadNumber,获取属性状态：焊盘编号,待测试,,,,,,,,,,,,,,,,
方法,IPCB_PrimitivePad,getState_PrimitiveId,获取属性状态：图元 ID,待测试,,,,,,,,,,,,,,,,
方法,IPCB_PrimitivePad,getState_PrimitiveLock,获取属性状态：是否锁定,待测试,,,,,,,,,,,,,,,,
方法,IPCB_PrimitivePad,getState_PrimitiveType,获取属性状态：图元类型,待测试,,,,,,,,,,,,,,,,
方法,IPCB_PrimitivePad,getState_Rotation,获取属性状态：旋转角度,待测试,,,,,,,,,,,,,,,,
方法,IPCB_PrimitivePad,getState_SolderMaskAndPasteMaskExpansion,获取属性状态：阻焊/助焊扩展,待测试,,,,,,,,,,,,,,,,
方法,IPCB_PrimitivePad,getState_SpecialPad,获取属性状态：特殊焊盘外形,待测试,,,,,,,,,,,,,,,,
方法,IPCB_PrimitivePad,getState_X,获取属性状态：位置 X,待测试,,,,,,,,,,,,,,,,
方法,IPCB_PrimitivePad,getState_Y,获取属性状态：位置 Y,待测试,,,,,,,,,,,,,,,,
方法,IPCB_PrimitivePad,isAsync,查询图元是否为异步图元,待测试,,,,,,,,,,,,,,,,
方法,IPCB_PrimitivePad,reset,将异步图元重置为当前画布状态,待测试,,,,,,,,,,,,,,,,
方法,IPCB_PrimitivePad,setState_HeatWelding,设置属性状态：热焊优化参数,待测试,,,,,,,,,,,,,,,,
方法,IPCB_PrimitivePad,setState_Hole,设置属性状态：孔,待测试,,,,,,,,,,,,,,,,
方法,IPCB_PrimitivePad,setState_HoleOffsetX,设置属性状态：孔偏移 X,待测试,,,,,,,,,,,,,,,,
方法,IPCB_PrimitivePad,setState_HoleOffsetY,设置属性状态：孔偏移 Y,待测试,,,,,,,,,,,,,,,,
方法,IPCB_PrimitivePad,setState_HoleRotation,设置属性状态：孔相对于焊盘的旋转角度,待测试,,,,,,,,,,,,,,,,
方法,IPCB_PrimitivePad,setState_Layer,设置属性状态：层,待测试,,,,,,,,,,,,,,,,
方法,IPCB_PrimitivePad,setState_Metallization,设置属性状态：是否金属化孔壁,待测试,,,,,,,,,,,,,,,,
方法,IPCB_PrimitivePad,setState_Net,设置属性状态：网络,待测试,,,,,,,,,,,,,,,,
方法,IPCB_PrimitivePad,setState_Pad,设置属性状态：焊盘外形,待测试,,,,,,,,,,,,,,,,
方法,IPCB_PrimitivePad,setState_PadFunction,设置属性状态：焊盘功能,待测试,,,,,,,,,,,,,,,,
方法,IPCB_PrimitivePad,setState_PadNumber,设置属性状态：焊盘编号,待测试,,,,,,,,,,,,,,,,
方法,IPCB_PrimitivePad,setState_PrimitiveLock,设置属性状态：是否锁定,待测试,,,,,,,,,,,,,,,,
方法,IPCB_PrimitivePad,setState_Rotation,设置属性状态：旋转角度,待测试,,,,,,,,,,,,,,,,
方法,IPCB_PrimitivePad,setState_SolderMaskAndPasteMaskExpansion,设置属性状态：阻焊/助焊扩展,待测试,,,,,,,,,,,,,,,,
方法,IPCB_PrimitivePad,setState_SpecialPad,设置属性状态：特殊焊盘外形,待测试,,,,,,,,,,,,,,,,
方法,IPCB_PrimitivePad,setState_X,设置属性状态：位置 X,待测试,,,,,,,,,,,,,,,,
方法,IPCB_PrimitivePad,setState_Y,设置属性状态：位置 Y,待测试,,,,,,,,,,,,,,,,
方法,IPCB_PrimitivePad,toAsync,将图元转换为异步图元,待测试,,,,,,,,,,,,,,,,
方法,IPCB_PrimitivePad,toSync,将图元转换为同步图元,待测试,,,,,,,,,,,,,,,,
类,IPCB_PrimitivePolyline,,折线图元,待测试,,,,,,,,,,,,,,,,
方法,IPCB_PrimitivePolyline,done,将对图元的更改应用到画布,待测试,,,,,,,,,,,,,,,,
方法,IPCB_PrimitivePolyline,getState_Layer,获取属性状态：层,待测试,,,,,,,,,,,,,,,,
方法,IPCB_PrimitivePolyline,getState_LineWidth,获取属性状态：线宽,待测试,,,,,,,,,,,,,,,,
方法,IPCB_PrimitivePolyline,getState_Net,获取属性状态：网络名称,待测试,,,,,,,,,,,,,,,,
方法,IPCB_PrimitivePolyline,getState_Polygon,获取属性状态：单多边形,待测试,,,,,,,,,,,,,,,,
方法,IPCB_PrimitivePolyline,getState_PrimitiveId,获取属性状态：图元 ID,待测试,,,,,,,,,,,,,,,,
方法,IPCB_PrimitivePolyline,getState_PrimitiveLock,获取属性状态：是否锁定,待测试,,,,,,,,,,,,,,,,
方法,IPCB_PrimitivePolyline,getState_PrimitiveType,获取属性状态：图元类型,待测试,,,,,,,,,,,,,,,,
方法,IPCB_PrimitivePolyline,isAsync,查询图元是否为异步图元,待测试,,,,,,,,,,,,,,,,
方法,IPCB_PrimitivePolyline,reset,将异步图元重置为当前画布状态,待测试,,,,,,,,,,,,,,,,
方法,IPCB_PrimitivePolyline,setState_Layer,设置属性状态：层,待测试,,,,,,,,,,,,,,,,
方法,IPCB_PrimitivePolyline,setState_LineWidth,设置属性状态：线宽,待测试,,,,,,,,,,,,,,,,
方法,IPCB_PrimitivePolyline,setState_Net,设置属性状态：网络名称,待测试,,,,,,,,,,,,,,,,
方法,IPCB_PrimitivePolyline,setState_Polygon,设置属性状态：单多边形,待测试,,,,,,,,,,,,,,,,
方法,IPCB_PrimitivePolyline,setState_PrimitiveLock,设置属性状态：是否锁定,待测试,,,,,,,,,,,,,,,,
方法,IPCB_PrimitivePolyline,toAsync,将图元转换为异步图元,待测试,,,,,,,,,,,,,,,,
方法,IPCB_PrimitivePolyline,toSync,将图元转换为同步图元,待测试,,,,,,,,,,,,,,,,
类,IPCB_PrimitivePour,,覆铜边框图元,待测试,,,,,,,,,,,,,,,,
方法,IPCB_PrimitivePour,getState_ComplexPolygon,获取属性状态：复杂多边形,待测试,,,,,,,,,,,,,,,,
方法,IPCB_PrimitivePour,getState_Layer,获取属性状态：层,待测试,,,,,,,,,,,,,,,,
方法,IPCB_PrimitivePour,getState_LineWidth,获取属性状态：线宽,待测试,,,,,,,,,,,,,,,,
方法,IPCB_PrimitivePour,getState_Net,获取属性状态：网络名称,待测试,,,,,,,,,,,,,,,,
方法,IPCB_PrimitivePour,getState_PourFillMethod,获取属性状态：覆铜填充方法,待测试,,,,,,,,,,,,,,,,
方法,IPCB_PrimitivePour,getState_PourName,获取属性状态：覆铜边框名称,待测试,,,,,,,,,,,,,,,,
方法,IPCB_PrimitivePour,getState_PourPriority,获取属性状态：覆铜优先级,待测试,,,,,,,,,,,,,,,,
方法,IPCB_PrimitivePour,getState_PreserveSilos,获取属性状态：是否保留孤岛,待测试,,,,,,,,,,,,,,,,
方法,IPCB_PrimitivePour,getState_PrimitiveId,获取属性状态：图元 ID,待测试,,,,,,,,,,,,,,,,
方法,IPCB_PrimitivePour,getState_PrimitiveLock,获取属性状态：是否锁定,待测试,,,,,,,,,,,,,,,,
方法,IPCB_PrimitivePour,getState_PrimitiveType,获取属性状态：图元类型,待测试,,,,,,,,,,,,,,,,
方法,IPCB_PrimitivePour,isAsync,查询图元是否为异步图元,待测试,,,,,,,,,,,,,,,,
方法,IPCB_PrimitivePour,setState_ComplexPolygon,设置属性状态：复杂多边形,待测试,,,,,,,,,,,,,,,,
方法,IPCB_PrimitivePour,setState_Layer,设置属性状态：层,待测试,,,,,,,,,,,,,,,,
方法,IPCB_PrimitivePour,setState_LineWidth,设置属性状态：线宽,待测试,,,,,,,,,,,,,,,,
方法,IPCB_PrimitivePour,setState_Net,设置属性状态：网络名称,待测试,,,,,,,,,,,,,,,,
方法,IPCB_PrimitivePour,setState_PourFillMethod,设置属性状态：覆铜填充方法,待测试,,,,,,,,,,,,,,,,
方法,IPCB_PrimitivePour,setState_PourName,设置属性状态：覆铜边框名称,待测试,,,,,,,,,,,,,,,,
方法,IPCB_PrimitivePour,setState_PourPriority,设置属性状态：覆铜优先级,待测试,,,,,,,,,,,,,,,,
方法,IPCB_PrimitivePour,setState_PreserveSilos,设置属性状态：是否保留孤岛,待测试,,,,,,,,,,,,,,,,
方法,IPCB_PrimitivePour,setState_PrimitiveLock,设置属性状态：是否锁定,待测试,,,,,,,,,,,,,,,,
方法,IPCB_PrimitivePour,toAsync,将图元转换为异步图元,待测试,,,,,,,,,,,,,,,,
方法,IPCB_PrimitivePour,toSync,将图元转换为同步图元,待测试,,,,,,,,,,,,,,,,
类,IPCB_PrimitiveRegion,,区域图元,待测试,,,,,,,,,,,,,,,,
方法,IPCB_PrimitiveRegion,getState_ComplexPolygon,获取属性状态：复杂多边形,待测试,,,,,,,,,,,,,,,,
方法,IPCB_PrimitiveRegion,getState_Layer,获取属性状态：层,待测试,,,,,,,,,,,,,,,,
方法,IPCB_PrimitiveRegion,getState_LineWidth,获取属性状态：线宽,待测试,,,,,,,,,,,,,,,,
方法,IPCB_PrimitiveRegion,getState_PrimitiveId,获取属性状态：图元 ID,待测试,,,,,,,,,,,,,,,,
方法,IPCB_PrimitiveRegion,getState_PrimitiveLock,获取属性状态：是否锁定,待测试,,,,,,,,,,,,,,,,
方法,IPCB_PrimitiveRegion,getState_PrimitiveType,获取属性状态：图元类型,待测试,,,,,,,,,,,,,,,,
方法,IPCB_PrimitiveRegion,getState_RegionName,获取属性状态：区域名称,待测试,,,,,,,,,,,,,,,,
方法,IPCB_PrimitiveRegion,getState_RuleType,获取属性状态：区域规则类型,待测试,,,,,,,,,,,,,,,,
方法,IPCB_PrimitiveRegion,isAsync,查询图元是否为异步图元,待测试,,,,,,,,,,,,,,,,
方法,IPCB_PrimitiveRegion,setState_ComplexPolygon,设置属性状态：复杂多边形,待测试,,,,,,,,,,,,,,,,
方法,IPCB_PrimitiveRegion,setState_Layer,设置属性状态：层,待测试,,,,,,,,,,,,,,,,
方法,IPCB_PrimitiveRegion,setState_LineWidth,设置属性状态：线宽,待测试,,,,,,,,,,,,,,,,
方法,IPCB_PrimitiveRegion,setState_PrimitiveLock,设置属性状态：是否锁定,待测试,,,,,,,,,,,,,,,,
方法,IPCB_PrimitiveRegion,setState_RegionName,设置属性状态：区域名称,待测试,,,,,,,,,,,,,,,,
方法,IPCB_PrimitiveRegion,setState_RuleType,设置属性状态：区域规则类型,待测试,,,,,,,,,,,,,,,,
方法,IPCB_PrimitiveRegion,toAsync,将图元转换为异步图元,待测试,,,,,,,,,,,,,,,,
方法,IPCB_PrimitiveRegion,toSync,将图元转换为同步图元,待测试,,,,,,,,,,,,,,,,
类,IPCB_PrimitiveVia,,过孔图元,待测试,,,,,,,,,,,,,,,,
方法,IPCB_PrimitiveVia,done,将对图元的更改应用到画布,待测试,,,,,,,,,,,,,,,,
方法,IPCB_PrimitiveVia,getState_DesignRuleBlindViaName,获取属性状态：盲埋孔设计规则项名称,待测试,,,,,,,,,,,,,,,,
方法,IPCB_PrimitiveVia,getState_Diameter,获取属性状态：外径,待测试,,,,,,,,,,,,,,,,
方法,IPCB_PrimitiveVia,getState_HoleDiameter,获取属性状态：孔径,待测试,,,,,,,,,,,,,,,,
方法,IPCB_PrimitiveVia,getState_Net,获取属性状态：网络名称,待测试,,,,,,,,,,,,,,,,
方法,IPCB_PrimitiveVia,getState_PrimitiveId,获取属性状态：图元 ID,待测试,,,,,,,,,,,,,,,,
方法,IPCB_PrimitiveVia,getState_PrimitiveLock,获取属性状态：是否锁定,待测试,,,,,,,,,,,,,,,,
方法,IPCB_PrimitiveVia,getState_PrimitiveType,获取属性状态：图元类型,待测试,,,,,,,,,,,,,,,,
方法,IPCB_PrimitiveVia,getState_SolderMaskExpansion,获取属性状态：阻焊/助焊扩展,待测试,,,,,,,,,,,,,,,,
方法,IPCB_PrimitiveVia,getState_ViaType,获取属性状态：过孔类型,待测试,,,,,,,,,,,,,,,,
方法,IPCB_PrimitiveVia,getState_X,获取属性状态：坐标 X,待测试,,,,,,,,,,,,,,,,
方法,IPCB_PrimitiveVia,getState_Y,获取属性状态：坐标 Y,待测试,,,,,,,,,,,,,,,,
方法,IPCB_PrimitiveVia,isAsync,查询图元是否为异步图元,待测试,,,,,,,,,,,,,,,,
方法,IPCB_PrimitiveVia,reset,将异步图元重置为当前画布状态,待测试,,,,,,,,,,,,,,,,
方法,IPCB_PrimitiveVia,setState_DesignRuleBlindViaName,设置属性状态：盲埋孔设计规则项名称,待测试,,,,,,,,,,,,,,,,
方法,IPCB_PrimitiveVia,setState_Diameter,设置属性状态：外径,待测试,,,,,,,,,,,,,,,,
方法,IPCB_PrimitiveVia,setState_HoleDiameter,设置属性状态：孔径,待测试,,,,,,,,,,,,,,,,
方法,IPCB_PrimitiveVia,setState_Net,设置属性状态：网络名称,待测试,,,,,,,,,,,,,,,,
方法,IPCB_PrimitiveVia,setState_PrimitiveLock,设置属性状态：是否锁定,待测试,,,,,,,,,,,,,,,,
方法,IPCB_PrimitiveVia,setState_SolderMaskExpansion,设置属性状态：阻焊/助焊扩展,待测试,,,,,,,,,,,,,,,,
方法,IPCB_PrimitiveVia,setState_ViaType,设置属性状态：过孔类型,待测试,,,,,,,,,,,,,,,,
方法,IPCB_PrimitiveVia,setState_X,设置属性状态：坐标 X,待测试,,,,,,,,,,,,,,,,
方法,IPCB_PrimitiveVia,setState_Y,设置属性状态：坐标 Y,待测试,,,,,,,,,,,,,,,,
方法,IPCB_PrimitiveVia,toAsync,将图元转换为异步图元,待测试,,,,,,,,,,,,,,,,
方法,IPCB_PrimitiveVia,toSync,将图元转换为同步图元,待测试,,,,,,,,,,,,,,,,
类,ISCH_PrimitiveArc,,圆弧图元,待测试,,,,,,,,,,,,,,,,
方法,ISCH_PrimitiveArc,create,在原理图画布中创建图元,待测试,,,,,,,,,,,,,,,,
方法,ISCH_PrimitiveArc,done,将对图元的更改应用到画布,待测试,,,,,,,,,,,,,,,,
方法,ISCH_PrimitiveArc,getState_Color,,待测试,,,,,,,,,,,,,,,,
方法,ISCH_PrimitiveArc,getState_EndX,,待测试,,,,,,,,,,,,,,,,
方法,ISCH_PrimitiveArc,getState_EndY,,待测试,,,,,,,,,,,,,,,,
方法,ISCH_PrimitiveArc,getState_FillColor,,待测试,,,,,,,,,,,,,,,,
方法,ISCH_PrimitiveArc,getState_LineType,,待测试,,,,,,,,,,,,,,,,
方法,ISCH_PrimitiveArc,getState_LineWidth,,待测试,,,,,,,,,,,,,,,,
方法,ISCH_PrimitiveArc,getState_PrimitiveId,,待测试,,,,,,,,,,,,,,,,
方法,ISCH_PrimitiveArc,getState_PrimitiveType,,待测试,,,,,,,,,,,,,,,,
方法,ISCH_PrimitiveArc,getState_ReferenceX,,待测试,,,,,,,,,,,,,,,,
方法,ISCH_PrimitiveArc,getState_ReferenceY,,待测试,,,,,,,,,,,,,,,,
方法,ISCH_PrimitiveArc,getState_StartX,,待测试,,,,,,,,,,,,,,,,
方法,ISCH_PrimitiveArc,getState_StartY,,待测试,,,,,,,,,,,,,,,,
方法,ISCH_PrimitiveArc,isAsync,查询图元是否为异步图元,待测试,,,,,,,,,,,,,,,,
方法,ISCH_PrimitiveArc,reset,将异步图元重置为当前画布状态,待测试,,,,,,,,,,,,,,,,
方法,ISCH_PrimitiveArc,setState_Color,,待测试,,,,,,,,,,,,,,,,
方法,ISCH_PrimitiveArc,setState_EndX,,待测试,,,,,,,,,,,,,,,,
方法,ISCH_PrimitiveArc,setState_EndY,,待测试,,,,,,,,,,,,,,,,
方法,ISCH_PrimitiveArc,setState_FillColor,,待测试,,,,,,,,,,,,,,,,
方法,ISCH_PrimitiveArc,setState_LineType,,待测试,,,,,,,,,,,,,,,,
方法,ISCH_PrimitiveArc,setState_LineWidth,,待测试,,,,,,,,,,,,,,,,
方法,ISCH_PrimitiveArc,setState_ReferenceX,,待测试,,,,,,,,,,,,,,,,
方法,ISCH_PrimitiveArc,setState_ReferenceY,,待测试,,,,,,,,,,,,,,,,
方法,ISCH_PrimitiveArc,setState_StartX,,待测试,,,,,,,,,,,,,,,,
方法,ISCH_PrimitiveArc,setState_StartY,,待测试,,,,,,,,,,,,,,,,
方法,ISCH_PrimitiveArc,toAsync,将图元转换为异步图元,待测试,,,,,,,,,,,,,,,,
方法,ISCH_PrimitiveArc,toSync,将图元转换为同步图元,待测试,,,,,,,,,,,,,,,,
类,ISCH_PrimitiveBus,,总线图元,待测试,,,,,,,,,,,,,,,,
方法,ISCH_PrimitiveBus,create,在原理图画布中创建图元,待测试,,,,,,,,,,,,,,,,
方法,ISCH_PrimitiveBus,done,将对图元的更改应用到画布,待测试,,,,,,,,,,,,,,,,
方法,ISCH_PrimitiveBus,getState_BusName,,待测试,,,,,,,,,,,,,,,,
方法,ISCH_PrimitiveBus,getState_Color,,待测试,,,,,,,,,,,,,,,,
方法,ISCH_PrimitiveBus,getState_Line,,待测试,,,,,,,,,,,,,,,,
方法,ISCH_PrimitiveBus,getState_LineType,,待测试,,,,,,,,,,,,,,,,
方法,ISCH_PrimitiveBus,getState_LineWidth,,待测试,,,,,,,,,,,,,,,,
方法,ISCH_PrimitiveBus,getState_PrimitiveId,,待测试,,,,,,,,,,,,,,,,
方法,ISCH_PrimitiveBus,getState_PrimitiveType,,待测试,,,,,,,,,,,,,,,,
方法,ISCH_PrimitiveBus,isAsync,查询图元是否为异步图元,待测试,,,,,,,,,,,,,,,,
方法,ISCH_PrimitiveBus,reset,将异步图元重置为当前画布状态,待测试,,,,,,,,,,,,,,,,
方法,ISCH_PrimitiveBus,setState_BusName,,待测试,,,,,,,,,,,,,,,,
方法,ISCH_PrimitiveBus,setState_Color,,待测试,,,,,,,,,,,,,,,,
方法,ISCH_PrimitiveBus,setState_Line,,待测试,,,,,,,,,,,,,,,,
方法,ISCH_PrimitiveBus,setState_LineType,,待测试,,,,,,,,,,,,,,,,
方法,ISCH_PrimitiveBus,setState_LineWidth,,待测试,,,,,,,,,,,,,,,,
方法,ISCH_PrimitiveBus,toAsync,将图元转换为异步图元,待测试,,,,,,,,,,,,,,,,
方法,ISCH_PrimitiveBus,toSync,将图元转换为同步图元,待测试,,,,,,,,,,,,,,,,
类,ISCH_PrimitiveCircle,,圆图元,待测试,,,,,,,,,,,,,,,,
方法,ISCH_PrimitiveCircle,create,在原理图画布中创建图元,待测试,,,,,,,,,,,,,,,,
方法,ISCH_PrimitiveCircle,done,将对图元的更改应用到画布,待测试,,,,,,,,,,,,,,,,
方法,ISCH_PrimitiveCircle,getState_CenterX,,待测试,,,,,,,,,,,,,,,,
方法,ISCH_PrimitiveCircle,getState_CenterY,,待测试,,,,,,,,,,,,,,,,
方法,ISCH_PrimitiveCircle,getState_Color,,待测试,,,,,,,,,,,,,,,,
方法,ISCH_PrimitiveCircle,getState_FillColor,,待测试,,,,,,,,,,,,,,,,
方法,ISCH_PrimitiveCircle,getState_LineType,,待测试,,,,,,,,,,,,,,,,
方法,ISCH_PrimitiveCircle,getState_LineWidth,,待测试,,,,,,,,,,,,,,,,
方法,ISCH_PrimitiveCircle,getState_PrimitiveId,,待测试,,,,,,,,,,,,,,,,
方法,ISCH_PrimitiveCircle,getState_PrimitiveType,,待测试,,,,,,,,,,,,,,,,
方法,ISCH_PrimitiveCircle,getState_Radius,,待测试,,,,,,,,,,,,,,,,
方法,ISCH_PrimitiveCircle,isAsync,查询图元是否为异步图元,待测试,,,,,,,,,,,,,,,,
方法,ISCH_PrimitiveCircle,reset,将异步图元重置为当前画布状态,待测试,,,,,,,,,,,,,,,,
方法,ISCH_PrimitiveCircle,setState_CenterX,,待测试,,,,,,,,,,,,,,,,
方法,ISCH_PrimitiveCircle,setState_CenterY,,待测试,,,,,,,,,,,,,,,,
方法,ISCH_PrimitiveCircle,setState_Color,,待测试,,,,,,,,,,,,,,,,
方法,ISCH_PrimitiveCircle,setState_FillColor,,待测试,,,,,,,,,,,,,,,,
方法,ISCH_PrimitiveCircle,setState_LineType,,待测试,,,,,,,,,,,,,,,,
方法,ISCH_PrimitiveCircle,setState_LineWidth,,待测试,,,,,,,,,,,,,,,,
方法,ISCH_PrimitiveCircle,setState_Radius,,待测试,,,,,,,,,,,,,,,,
方法,ISCH_PrimitiveCircle,toAsync,将图元转换为异步图元,待测试,,,,,,,,,,,,,,,,
方法,ISCH_PrimitiveCircle,toSync,将图元转换为同步图元,待测试,,,,,,,,,,,,,,,,
类,ISCH_PrimitiveComponent,,器件图元,待测试,,,,,,,,,,,,,,,,
方法,ISCH_PrimitiveComponent,changePinNet,,待测试,,,,,,,,,,,,,,,,
方法,ISCH_PrimitiveComponent,done,将对图元的更改应用到画布,待测试,,,,,,,,,,,,,,,,
方法,ISCH_PrimitiveComponent,getAllPins,,待测试,,,,,,,,,,,,,,,,
方法,ISCH_PrimitiveComponent,getState_AddIntoBom,获取属性状态：是否加入 BOM,待测试,,,,,,,,,,,,,,,,
方法,ISCH_PrimitiveComponent,getState_AddIntoPcb,获取属性状态：是否转到 PCB,待测试,,,,,,,,,,,,,,,,
方法,ISCH_PrimitiveComponent,getState_Component,获取属性状态：关联库器件,待测试,,,,,,,,,,,,,,,,
方法,ISCH_PrimitiveComponent,getState_ComponentType,获取属性状态：器件类型,待测试,,,,,,,,,,,,,,,,
方法,ISCH_PrimitiveComponent,getState_Designator,获取属性状态：位号,待测试,,,,,,,,,,,,,,,,
方法,ISCH_PrimitiveComponent,getState_Footprint,获取属性状态：关联库封装,待测试,,,,,,,,,,,,,,,,
方法,ISCH_PrimitiveComponent,getState_Manufacturer,获取属性状态：制造商,待测试,,,,,,,,,,,,,,,,
方法,ISCH_PrimitiveComponent,getState_ManufacturerId,获取属性状态：制造商编号,待测试,,,,,,,,,,,,,,,,
方法,ISCH_PrimitiveComponent,getState_Mirror,获取属性状态：是否镜像,待测试,,,,,,,,,,,,,,,,
方法,ISCH_PrimitiveComponent,getState_Name,获取属性状态：名称,待测试,,,,,,,,,,,,,,,,
方法,ISCH_PrimitiveComponent,getState_Net,获取属性状态：网络名称,待测试,,,,,,,,,,,,,,,,
方法,ISCH_PrimitiveComponent,getState_OtherProperty,获取属性状态：其它参数,待测试,,,,,,,,,,,,,,,,
方法,ISCH_PrimitiveComponent,getState_PrimitiveId,获取属性状态：图元 ID,待测试,,,,,,,,,,,,,,,,
方法,ISCH_PrimitiveComponent,getState_PrimitiveType,获取属性状态：图元类型,待测试,,,,,,,,,,,,,,,,
方法,ISCH_PrimitiveComponent,getState_Rotation,获取属性状态：旋转角度,待测试,,,,,,,,,,,,,,,,
方法,ISCH_PrimitiveComponent,getState_SubPartName,获取属性状态：子图块名称,待测试,,,,,,,,,,,,,,,,
方法,ISCH_PrimitiveComponent,getState_Supplier,获取属性状态：供应商,待测试,,,,,,,,,,,,,,,,
方法,ISCH_PrimitiveComponent,getState_SupplierId,获取属性状态：供应商编号,待测试,,,,,,,,,,,,,,,,
方法,ISCH_PrimitiveComponent,getState_Symbol,获取属性状态：关联库符号,待测试,,,,,,,,,,,,,,,,
方法,ISCH_PrimitiveComponent,getState_UniqueId,获取属性状态：唯一 ID,待测试,,,,,,,,,,,,,,,,
方法,ISCH_PrimitiveComponent,getState_X,获取属性状态：坐标 X,待测试,,,,,,,,,,,,,,,,
方法,ISCH_PrimitiveComponent,getState_Y,获取属性状态：坐标 Y,待测试,,,,,,,,,,,,,,,,
方法,ISCH_PrimitiveComponent,isAsync,查询图元是否为异步图元,待测试,,,,,,,,,,,,,,,,
方法,ISCH_PrimitiveComponent,reset,将异步图元重置为当前画布状态,待测试,,,,,,,,,,,,,,,,
方法,ISCH_PrimitiveComponent,setState_AddIntoBom,设置属性状态：是否加入 BOM,待测试,,,,,,,,,,,,,,,,
方法,ISCH_PrimitiveComponent,setState_AddIntoPcb,设置属性状态：是否转到 PCB,待测试,,,,,,,,,,,,,,,,
方法,ISCH_PrimitiveComponent,setState_Designator,设置属性状态：位号,待测试,,,,,,,,,,,,,,,,
方法,ISCH_PrimitiveComponent,setState_Manufacturer,设置属性状态：制造商,待测试,,,,,,,,,,,,,,,,
方法,ISCH_PrimitiveComponent,setState_ManufacturerId,设置属性状态：制造商编号,待测试,,,,,,,,,,,,,,,,
方法,ISCH_PrimitiveComponent,setState_Mirror,设置属性状态：是否镜像,待测试,,,,,,,,,,,,,,,,
方法,ISCH_PrimitiveComponent,setState_Name,设置属性状态：名称,待测试,,,,,,,,,,,,,,,,
方法,ISCH_PrimitiveComponent,setState_Net,设置属性状态：网络名称,待测试,,,,,,,,,,,,,,,,
方法,ISCH_PrimitiveComponent,setState_OtherProperty,设置属性状态：其它参数,待测试,,,,,,,,,,,,,,,,
方法,ISCH_PrimitiveComponent,setState_Rotation,设置属性状态：旋转角度,待测试,,,,,,,,,,,,,,,,
方法,ISCH_PrimitiveComponent,setState_Supplier,设置属性状态：供应商,待测试,,,,,,,,,,,,,,,,
方法,ISCH_PrimitiveComponent,setState_SupplierId,设置属性状态：供应商编号,待测试,,,,,,,,,,,,,,,,
方法,ISCH_PrimitiveComponent,setState_UniqueId,设置属性状态：唯一 ID,待测试,,,,,,,,,,,,,,,,
方法,ISCH_PrimitiveComponent,setState_X,设置属性状态：坐标 X,待测试,,,,,,,,,,,,,,,,
方法,ISCH_PrimitiveComponent,setState_Y,设置属性状态：坐标 Y,待测试,,,,,,,,,,,,,,,,
方法,ISCH_PrimitiveComponent,toAsync,将图元转换为异步图元,待测试,,,,,,,,,,,,,,,,
方法,ISCH_PrimitiveComponent,toSync,将图元转换为同步图元,待测试,,,,,,,,,,,,,,,,
类,ISCH_PrimitivePin,,引脚图元,待测试,,,,,,,,,,,,,,,,
方法,ISCH_PrimitivePin,create,在原理图画布中创建图元,待测试,,,,,,,,,,,,,,,,
方法,ISCH_PrimitivePin,done,将对图元的更改应用到画布,待测试,,,,,,,,,,,,,,,,
方法,ISCH_PrimitivePin,getState_PinColor,,待测试,,,,,,,,,,,,,,,,
方法,ISCH_PrimitivePin,getState_PinLength,,待测试,,,,,,,,,,,,,,,,
方法,ISCH_PrimitivePin,getState_PinName,,待测试,,,,,,,,,,,,,,,,
方法,ISCH_PrimitivePin,getState_PinNumber,,待测试,,,,,,,,,,,,,,,,
方法,ISCH_PrimitivePin,getState_PinShape,,待测试,,,,,,,,,,,,,,,,
方法,ISCH_PrimitivePin,getState_pinType,,待测试,,,,,,,,,,,,,,,,
方法,ISCH_PrimitivePin,getState_PrimitiveId,,待测试,,,,,,,,,,,,,,,,
方法,ISCH_PrimitivePin,getState_PrimitiveType,,待测试,,,,,,,,,,,,,,,,
方法,ISCH_PrimitivePin,getState_Rotation,,待测试,,,,,,,,,,,,,,,,
方法,ISCH_PrimitivePin,getState_X,,待测试,,,,,,,,,,,,,,,,
方法,ISCH_PrimitivePin,getState_Y,,待测试,,,,,,,,,,,,,,,,
方法,ISCH_PrimitivePin,isAsync,查询图元是否为异步图元,待测试,,,,,,,,,,,,,,,,
方法,ISCH_PrimitivePin,reset,将异步图元重置为当前画布状态,待测试,,,,,,,,,,,,,,,,
方法,ISCH_PrimitivePin,setState_PinColor,,待测试,,,,,,,,,,,,,,,,
方法,ISCH_PrimitivePin,setState_PinLength,,待测试,,,,,,,,,,,,,,,,
方法,ISCH_PrimitivePin,setState_PinName,,待测试,,,,,,,,,,,,,,,,
方法,ISCH_PrimitivePin,setState_PinNumber,,待测试,,,,,,,,,,,,,,,,
方法,ISCH_PrimitivePin,setState_PinShape,,待测试,,,,,,,,,,,,,,,,
方法,ISCH_PrimitivePin,setState_PinType,,待测试,,,,,,,,,,,,,,,,
方法,ISCH_PrimitivePin,setState_Rotation,,待测试,,,,,,,,,,,,,,,,
方法,ISCH_PrimitivePin,setState_X,,待测试,,,,,,,,,,,,,,,,
方法,ISCH_PrimitivePin,setState_Y,,待测试,,,,,,,,,,,,,,,,
方法,ISCH_PrimitivePin,toAsync,将图元转换为异步图元,待测试,,,,,,,,,,,,,,,,
方法,ISCH_PrimitivePin,toSync,将图元转换为同步图元,待测试,,,,,,,,,,,,,,,,
类,ISCH_PrimitivePolygon,,多边形图元,待测试,,,,,,,,,,,,,,,,
方法,ISCH_PrimitivePolygon,create,在原理图画布中创建图元,待测试,,,,,,,,,,,,,,,,
方法,ISCH_PrimitivePolygon,done,将对图元的更改应用到画布,待测试,,,,,,,,,,,,,,,,
方法,ISCH_PrimitivePolygon,getState_Color,,待测试,,,,,,,,,,,,,,,,
方法,ISCH_PrimitivePolygon,getState_FillColor,,待测试,,,,,,,,,,,,,,,,
方法,ISCH_PrimitivePolygon,getState_Line,,待测试,,,,,,,,,,,,,,,,
方法,ISCH_PrimitivePolygon,getState_LineType,,待测试,,,,,,,,,,,,,,,,
方法,ISCH_PrimitivePolygon,getState_LineWidth,,待测试,,,,,,,,,,,,,,,,
方法,ISCH_PrimitivePolygon,getState_PrimitiveId,,待测试,,,,,,,,,,,,,,,,
方法,ISCH_PrimitivePolygon,getState_PrimitiveType,,待测试,,,,,,,,,,,,,,,,
方法,ISCH_PrimitivePolygon,isAsync,查询图元是否为异步图元,待测试,,,,,,,,,,,,,,,,
方法,ISCH_PrimitivePolygon,reset,将异步图元重置为当前画布状态,待测试,,,,,,,,,,,,,,,,
方法,ISCH_PrimitivePolygon,setState_Color,,待测试,,,,,,,,,,,,,,,,
方法,ISCH_PrimitivePolygon,setState_FillColor,,待测试,,,,,,,,,,,,,,,,
方法,ISCH_PrimitivePolygon,setState_Line,,待测试,,,,,,,,,,,,,,,,
方法,ISCH_PrimitivePolygon,setState_LineType,,待测试,,,,,,,,,,,,,,,,
方法,ISCH_PrimitivePolygon,setState_LineWidth,,待测试,,,,,,,,,,,,,,,,
方法,ISCH_PrimitivePolygon,toAsync,将图元转换为异步图元,待测试,,,,,,,,,,,,,,,,
方法,ISCH_PrimitivePolygon,toSync,将图元转换为同步图元,待测试,,,,,,,,,,,,,,,,
类,ISCH_PrimitiveRectangle,,矩形图元,待测试,,,,,,,,,,,,,,,,
方法,ISCH_PrimitiveRectangle,create,在原理图画布中创建图元,待测试,,,,,,,,,,,,,,,,
方法,ISCH_PrimitiveRectangle,done,将对图元的更改应用到画布,待测试,,,,,,,,,,,,,,,,
方法,ISCH_PrimitiveRectangle,getState_Color,,待测试,,,,,,,,,,,,,,,,
方法,ISCH_PrimitiveRectangle,getState_CornerRadius,,待测试,,,,,,,,,,,,,,,,
方法,ISCH_PrimitiveRectangle,getState_FillColor,,待测试,,,,,,,,,,,,,,,,
方法,ISCH_PrimitiveRectangle,getState_Height,,待测试,,,,,,,,,,,,,,,,
方法,ISCH_PrimitiveRectangle,getState_LineType,,待测试,,,,,,,,,,,,,,,,
方法,ISCH_PrimitiveRectangle,getState_LineWidth,,待测试,,,,,,,,,,,,,,,,
方法,ISCH_PrimitiveRectangle,getState_PrimitiveId,,待测试,,,,,,,,,,,,,,,,
方法,ISCH_PrimitiveRectangle,getState_PrimitiveType,,待测试,,,,,,,,,,,,,,,,
方法,ISCH_PrimitiveRectangle,getState_Rotation,,待测试,,,,,,,,,,,,,,,,
方法,ISCH_PrimitiveRectangle,getState_TopLeftX,,待测试,,,,,,,,,,,,,,,,
方法,ISCH_PrimitiveRectangle,getState_TopLeftY,,待测试,,,,,,,,,,,,,,,,
方法,ISCH_PrimitiveRectangle,getState_Width,,待测试,,,,,,,,,,,,,,,,
方法,ISCH_PrimitiveRectangle,isAsync,查询图元是否为异步图元,待测试,,,,,,,,,,,,,,,,
方法,ISCH_PrimitiveRectangle,reset,将异步图元重置为当前画布状态,待测试,,,,,,,,,,,,,,,,
方法,ISCH_PrimitiveRectangle,setState_Color,,待测试,,,,,,,,,,,,,,,,
方法,ISCH_PrimitiveRectangle,setState_CornerRadius,,待测试,,,,,,,,,,,,,,,,
方法,ISCH_PrimitiveRectangle,setState_FillColor,,待测试,,,,,,,,,,,,,,,,
方法,ISCH_PrimitiveRectangle,setState_Height,,待测试,,,,,,,,,,,,,,,,
方法,ISCH_PrimitiveRectangle,setState_LineType,,待测试,,,,,,,,,,,,,,,,
方法,ISCH_PrimitiveRectangle,setState_LineWidth,,待测试,,,,,,,,,,,,,,,,
方法,ISCH_PrimitiveRectangle,setState_Rotation,,待测试,,,,,,,,,,,,,,,,
方法,ISCH_PrimitiveRectangle,setState_TopLeftX,,待测试,,,,,,,,,,,,,,,,
方法,ISCH_PrimitiveRectangle,setState_TopLeftY,,待测试,,,,,,,,,,,,,,,,
方法,ISCH_PrimitiveRectangle,setState_Width,,待测试,,,,,,,,,,,,,,,,
方法,ISCH_PrimitiveRectangle,toAsync,将图元转换为异步图元,待测试,,,,,,,,,,,,,,,,
方法,ISCH_PrimitiveRectangle,toSync,将图元转换为同步图元,待测试,,,,,,,,,,,,,,,,
类,ISCH_PrimitiveText,,文本图元,待测试,,,,,,,,,,,,,,,,
方法,ISCH_PrimitiveText,create,在原理图画布中创建图元,待测试,,,,,,,,,,,,,,,,
方法,ISCH_PrimitiveText,done,将对图元的更改应用到画布,待测试,,,,,,,,,,,,,,,,
方法,ISCH_PrimitiveText,getState_AlignMode,,待测试,,,,,,,,,,,,,,,,
方法,ISCH_PrimitiveText,getState_Bold,,待测试,,,,,,,,,,,,,,,,
方法,ISCH_PrimitiveText,getState_Content,,待测试,,,,,,,,,,,,,,,,
方法,ISCH_PrimitiveText,getState_FontName,,待测试,,,,,,,,,,,,,,,,
方法,ISCH_PrimitiveText,getState_FontSize,,待测试,,,,,,,,,,,,,,,,
方法,ISCH_PrimitiveText,getState_Italic,,待测试,,,,,,,,,,,,,,,,
方法,ISCH_PrimitiveText,getState_PrimitiveId,,待测试,,,,,,,,,,,,,,,,
方法,ISCH_PrimitiveText,getState_PrimitiveType,,待测试,,,,,,,,,,,,,,,,
方法,ISCH_PrimitiveText,getState_Rotation,,待测试,,,,,,,,,,,,,,,,
方法,ISCH_PrimitiveText,getState_TextColor,,待测试,,,,,,,,,,,,,,,,
方法,ISCH_PrimitiveText,getState_UnderLine,,待测试,,,,,,,,,,,,,,,,
方法,ISCH_PrimitiveText,getState_X,,待测试,,,,,,,,,,,,,,,,
方法,ISCH_PrimitiveText,getState_Y,,待测试,,,,,,,,,,,,,,,,
方法,ISCH_PrimitiveText,isAsync,查询图元是否为异步图元,待测试,,,,,,,,,,,,,,,,
方法,ISCH_PrimitiveText,reset,将异步图元重置为当前画布状态,待测试,,,,,,,,,,,,,,,,
方法,ISCH_PrimitiveText,setState_AlignMode,,待测试,,,,,,,,,,,,,,,,
方法,ISCH_PrimitiveText,setState_Bold,,待测试,,,,,,,,,,,,,,,,
方法,ISCH_PrimitiveText,setState_Content,,待测试,,,,,,,,,,,,,,,,
方法,ISCH_PrimitiveText,setState_FontName,,待测试,,,,,,,,,,,,,,,,
方法,ISCH_PrimitiveText,setState_FontSize,,待测试,,,,,,,,,,,,,,,,
方法,ISCH_PrimitiveText,setState_Italic,,待测试,,,,,,,,,,,,,,,,
方法,ISCH_PrimitiveText,setState_Rotation,,待测试,,,,,,,,,,,,,,,,
方法,ISCH_PrimitiveText,setState_TextColor,,待测试,,,,,,,,,,,,,,,,
方法,ISCH_PrimitiveText,setState_UnderLine,,待测试,,,,,,,,,,,,,,,,
方法,ISCH_PrimitiveText,setState_X,,待测试,,,,,,,,,,,,,,,,
方法,ISCH_PrimitiveText,setState_Y,,待测试,,,,,,,,,,,,,,,,
方法,ISCH_PrimitiveText,toAsync,将图元转换为异步图元,待测试,,,,,,,,,,,,,,,,
方法,ISCH_PrimitiveText,toSync,将图元转换为同步图元,待测试,,,,,,,,,,,,,,,,
类,ISCH_PrimitiveWire,,导线图元,待测试,,,,,,,,,,,,,,,,
方法,ISCH_PrimitiveWire,create,在原理图画布中创建图元,待测试,,,,,,,,,,,,,,,,
方法,ISCH_PrimitiveWire,done,将对图元的更改应用到画布,待测试,,,,,,,,,,,,,,,,
方法,ISCH_PrimitiveWire,getState_Color,,待测试,,,,,,,,,,,,,,,,
方法,ISCH_PrimitiveWire,getState_Line,,待测试,,,,,,,,,,,,,,,,
方法,ISCH_PrimitiveWire,getState_LineType,,待测试,,,,,,,,,,,,,,,,
方法,ISCH_PrimitiveWire,getState_LineWidth,,待测试,,,,,,,,,,,,,,,,
方法,ISCH_PrimitiveWire,getState_Net,,待测试,,,,,,,,,,,,,,,,
方法,ISCH_PrimitiveWire,getState_PrimitiveId,,待测试,,,,,,,,,,,,,,,,
方法,ISCH_PrimitiveWire,getState_PrimitiveType,,待测试,,,,,,,,,,,,,,,,
方法,ISCH_PrimitiveWire,isAsync,查询图元是否为异步图元,待测试,,,,,,,,,,,,,,,,
方法,ISCH_PrimitiveWire,reset,将异步图元重置为当前画布状态,待测试,,,,,,,,,,,,,,,,
方法,ISCH_PrimitiveWire,setState_Color,,待测试,,,,,,,,,,,,,,,,
方法,ISCH_PrimitiveWire,setState_Line,,待测试,,,,,,,,,,,,,,,,
方法,ISCH_PrimitiveWire,setState_LineType,,待测试,,,,,,,,,,,,,,,,
方法,ISCH_PrimitiveWire,setState_LineWidth,,待测试,,,,,,,,,,,,,,,,
方法,ISCH_PrimitiveWire,setState_Net,,待测试,,,,,,,,,,,,,,,,
方法,ISCH_PrimitiveWire,toAsync,将图元转换为异步图元,待测试,,,,,,,,,,,,,,,,
方法,ISCH_PrimitiveWire,toSync,将图元转换为同步图元,待测试,,,,,,,,,,,,,,,,
类,LIB_3DModel,,综合库 / 3D 模型类,待测试,,,,,,,,,,,,,,,,
方法,LIB_3DModel,copy,复制 3D 模型,待测试,,,,,,,,,,,,,,,,
方法,LIB_3DModel,create,创建 3D 模型,待测试,,,,,,,,,,,,,,,,
方法,LIB_3DModel,delete,删除 3D 模型,待测试,,,,,,,,,,,,,,,,
方法,LIB_3DModel,get,获取 3D 模型的所有属性,待测试,,,,,,,,,,,,,,,,
方法,LIB_3DModel,modify,修改 3D 模型,待测试,,,,,,,,,,,,,,,,
方法,LIB_3DModel,search,搜索 3D 模型,待测试,,,,,,,,,,,,,,,,
类,LIB_Cbb,,综合库 / 复用模块类,待测试,,,,,,,,,,,,,,,,
方法,LIB_Cbb,copy,复制复用模块,待测试,,,,,,,,,,,,,,,,
方法,LIB_Cbb,create,创建复用模块,待测试,,,,,,,,,,,,,,,,
方法,LIB_Cbb,delete,删除复用模块,待测试,,,,,,,,,,,,,,,,
方法,LIB_Cbb,get,获取复用模块的所有属性,测试通过,,,,,,,,,,,,,,,,
方法,LIB_Cbb,modify,修改复用模块,测试中,,,,,,,,,,,,,,,,
方法,LIB_Cbb,openProjectInEditor,在编辑器打开复用模块工程,待测试,,,,,,,,,,,,,,,,
方法,LIB_Cbb,openSymbolInEditor,在编辑器打开复用模块符号,待测试,,,,,,,,,,,,,,,,
方法,LIB_Cbb,search,搜索复用模块,待测试,,,,,,,,,,,,,,,,
类,LIB_Classification,,综合库 / 库分类索引类,待测试,,,,,,,,,,,,,,,,
方法,LIB_Classification,createPrimary,创建一级分类,待测试,,,,,,,,,,,,,,,,
方法,LIB_Classification,createSecondary,创建二级分类,待测试,,,,,,,,,,,,,,,,
方法,LIB_Classification,deleteByIndex,删除指定索引的分类,待测试,,,,,,,,,,,,,,,,
方法,LIB_Classification,deleteByUuid,删除指定 UUID 的分类,待测试,,,,,,,,,,,,,,,,
方法,LIB_Classification,getAllClassificationTree,获取所有分类信息组成的树,待测试,,,,,,,,,,,,,,,,
方法,LIB_Classification,getIndexByName,获取指定名称的分类的分类索引,待测试,,,,,,,,,,,,,,,,
方法,LIB_Classification,getNameByIndex,获取指定索引的分类的名称,待测试,,,,,,,,,,,,,,,,
方法,LIB_Classification,getNameByUuid,获取指定 UUID 的分类的名称,待测试,,,,,,,,,,,,,,,,
类,LIB_Device,,综合库 / 器件类,待测试,,,,,,,,,,,,,,,,
方法,LIB_Device,copy,复制器件,待测试,,,,,,,,,,,,,,,,
方法,LIB_Device,create,创建器件,待测试,,,,,,,,,,,,,,,,
方法,LIB_Device,delete,删除器件,待测试,,,,,,,,,,,,,,,,
方法,LIB_Device,get,获取器件的所有属性,待测试,,,,,,,,,,,,,,,,
方法,LIB_Device,getByLcscIds,使用立创 C 编号获取器件,待测试,,,,,,,,,,,,,,,,
方法,LIB_Device,getByLcscIds,使用立创 C 编号批量获取器件,待测试,,,,,,,,,,,,,,,,
方法,LIB_Device,modify,修改器件,待测试,,,,,,,,,,,,,,,,
方法,LIB_Device,search,搜索器件,待测试,,,,,,,,,,,,,,,,
类,LIB_Footprint,,综合库 / 封装类,待测试,,,,,,,,,,,,,,,,
方法,LIB_Footprint,copy,复制封装,待测试,,,,,,,,,,,,,,,,
方法,LIB_Footprint,create,创建封装,待测试,,,,,,,,,,,,,,,,
方法,LIB_Footprint,delete,删除封装,待测试,,,,,,,,,,,,,,,,
方法,LIB_Footprint,get,获取封装的所有属性,待测试,,,,,,,,,,,,,,,,
方法,LIB_Footprint,modify,修改封装,待测试,,,,,,,,,,,,,,,,
方法,LIB_Footprint,openInEditor,在编辑器打开文档,待测试,,,,,,,,,,,,,,,,
方法,LIB_Footprint,search,搜索封装,待测试,,,,,,,,,,,,,,,,
类,LIB_LibrariesList,,综合库 / 库列表类,待测试,,,,,,,,,,,,,,,,
方法,LIB_LibrariesList,getAllLibrariesList,获取所有库的列表,测试通过,,,,,,,,,,,,,,,,
方法,LIB_LibrariesList,getFavoriteLibraryUuid,获取收藏库的 UUID,测试通过,,,,,,,,,,,,,,,,
方法,LIB_LibrariesList,getPersonalLibraryUuid,获取个人库的 UUID,测试通过,,,,构造返回值错误，已修复,,,,,,,,,,,,
方法,LIB_LibrariesList,getProjectLibraryUuid,获取工程库的 UUID,测试中,,,,,,,,,,,,,,,,
方法,LIB_LibrariesList,getSystemLibraryUuid,获取系统库的 UUID,测试通过,,,,,,,,,,,,,,,,
类,LIB_PanelLibrary,,综合库 / 面板库类,待测试,,,,,,,,,,,,,,,,
方法,LIB_PanelLibrary,copy,复制面板库,待测试,,,,,,,,,,,,,,,,
方法,LIB_PanelLibrary,create,创建面板库,待测试,,,,,,,,,,,,,,,,
方法,LIB_PanelLibrary,delete,删除面板库,待测试,,,,,,,,,,,,,,,,
方法,LIB_PanelLibrary,get,获取面板库的所有属性,待测试,,,,,,,,,,,,,,,,
方法,LIB_PanelLibrary,modify,修改面板库,待测试,,,,,,,,,,,,,,,,
方法,LIB_PanelLibrary,openInEditor,在编辑器打开文档,待测试,,,,,,,,,,,,,,,,
方法,LIB_PanelLibrary,search,搜索面板库,待测试,,,,,,,,,,,,,,,,
类,LIB_Symbol,,综合库 / 符号类,待测试,,,,,,,,,,,,,,,,
方法,LIB_Symbol,copy,复制符号,待测试,,,,,,,,,,,,,,,,
方法,LIB_Symbol,create,创建符号,待测试,,,,,,,,,,,,,,,,
方法,LIB_Symbol,delete,删除符号,待测试,,,,,,,,,,,,,,,,
方法,LIB_Symbol,get,获取符号的所有属性,待测试,,,,,,,,,,,,,,,,
方法,LIB_Symbol,modify,修改符号,待测试,,,,,,,,,,,,,,,,
方法,LIB_Symbol,openInEditor,在编辑器打开文档,待测试,,,,,,,,,,,,,,,,
方法,LIB_Symbol,search,搜索符号,待测试,,,,,,,,,,,,,,,,
类,PCB_Document,,PCB & 封装 / 文档操作类,待测试,,,,,,,,,,,,,,,,
方法,PCB_Document,convertCanvasOriginToDataOrigin,输入画布坐标返回该坐标对应的数据坐标,测试通过,,,,,,,,,,,,,,,,
方法,PCB_Document,convertDataOriginToCanvasOrigin,输入数据坐标返回该坐标对应的画布坐标,测试通过,,,,,,,,,,,,,,,,
方法,PCB_Document,getCalculatingRatlineStatus,获取当前飞线计算功能状态,测试通过,,,,,,,,,,,,,,,,
方法,PCB_Document,getCanvasOrigin,获取画布原点相对于数据原点的偏移坐标,测试通过,,,,,,,,,,,,,,,,
方法,PCB_Document,importAutoLayoutJsonFile,导入自动布局文件（JSON）,测试中,,,,,,,,,,,,,,,,
方法,PCB_Document,importChanges,从原理图导入变更,测试通过,缺少参数描述,,,,,,,,,,,,,,,
方法,PCB_Document,importOldAutoLayoutJsonFile,导入旧版自动布局文件（JSON）,测试中,,,,,,,,,,,,,,,,
方法,PCB_Document,importOldAutoRouteJsonFile,导入旧版自动布线文件（JSON）,测试中,,,,,,,,,,,,,,,,
方法,PCB_Document,navigateToCoordinates,定位到画布坐标,测试通过,,,,,,,,,,,,,,,,
方法,PCB_Document,save,保存文档,测试通过,,,,,,,,,,,,,,,,
方法,PCB_Document,setCanvasOrigin,设置画布原点相对于数据原点的偏移坐标,测试通过,,,,,,,,,,,,,,,,
方法,PCB_Document,startCalculatingRatline,启动飞线计算功能,测试中,,,,,,,,,,,,,,,,
方法,PCB_Document,stopCalculatingRatline,停止飞线计算功能,测试中,,,,,,,,,,,,,,,,
类,PCB_Drc,,PCB & 封装 / 设计规则检查（DRC）类,待测试,,,,,,,,,,,,,,,,
方法,PCB_Drc,addNetToEqualLengthNetGroup,将网络添加到等长网络组,待测试,,,,,,,,,,,,,,,,
方法,PCB_Drc,addNetToNetClass,将网络添加到网络类,待测试,,,,,,,,,,,,,,,,
方法,PCB_Drc,addPadPairToPadPairGroup,将焊盘对添加到焊盘对组,待测试,,,,,,,,,,,,,,,,
方法,PCB_Drc,check,检查 DRC,待测试,,,,,,,,,,,,,,,,
方法,PCB_Drc,createDifferentialPair,创建差分对,待测试,,,,,,,,,,,,,,,,
方法,PCB_Drc,createEqualLengthNetGroup,创建等长网络组,待测试,,,,,,,,,,,,,,,,
方法,PCB_Drc,createNetClass,创建网络类,待测试,,,,,,,,,,,,,,,,
方法,PCB_Drc,createPadPairGroup,创建焊盘对组,待测试,,,,,,,,,,,,,,,,
方法,PCB_Drc,deleteDifferentialPair,删除差分对,待测试,,,,,,,,,,,,,,,,
方法,PCB_Drc,deleteEqualLengthNetGroup,删除等长网络组,待测试,,,,,,,,,,,,,,,,
方法,PCB_Drc,deleteNetClass,删除网络类,待测试,,,,,,,,,,,,,,,,
方法,PCB_Drc,deletePadPairGroup,删除焊盘对组,待测试,,,,,,,,,,,,,,,,
方法,PCB_Drc,deleteRuleConfiguration,删除设计规则配置,待测试,,,,,,,,,,,,,,,,
方法,PCB_Drc,getAllDifferentialPairs,获取所有差分对的详细属性,测试通过,,,,,,,,,,,,,,,,
方法,PCB_Drc,getAllEqualLengthNetGroups,获取所有等长网络组的详细属性,测试通过,,,,,,,,,,,,,,,,
方法,PCB_Drc,getAllNetClasses,获取所有网络类的详细属性,测试通过,,,,,,,,,,,,,,,,
方法,PCB_Drc,getAllPadPairGroups,获取所有焊盘对组的详细属性,测试通过,接口完善中,,,接口未开发,,,,,,,,,,,,
方法,PCB_Drc,getAllRuleConfigurations,获取所有设计规则配置,待测试,,,,,,,,,,,,,,,,
方法,PCB_Drc,getCurrentRuleConfiguration,获取当前设计规则配置,待测试,,,,,,,,,,,,,,,,
方法,PCB_Drc,getCurrentRuleConfigurationName,获取当前设计规则配置名称,待测试,,,,,,,,,,,,,,,,
方法,PCB_Drc,getDefaultRuleConfigurationName,获取新建 PCB 默认设计规则配置的名称,待测试,,,,,,,,,,,,,,,,
方法,PCB_Drc,getNetByNetRules,获取网络-网络规则,待测试,,,,,,,,,,,,,,,,
方法,PCB_Drc,getNetRules,获取网络规则,待测试,,,,,,,,,,,,,,,,
方法,PCB_Drc,getRegionRules,获取区域规则,待测试,,,,,,,,,,,,,,,,
方法,PCB_Drc,getRuleConfiguration,获取指定设计规则配置,待测试,,,,,,,,,,,,,,,,
方法,PCB_Drc,modifyDifferentialPairName,修改差分对的名称,待测试,,,,,,,,,,,,,,,,
方法,PCB_Drc,modifyDifferentialPairNegativeNet,修改差分对负网络,待测试,,,,,,,,,,,,,,,,
方法,PCB_Drc,modifyDifferentialPairPositiveNet,修改差分对正网络,待测试,,,,,,,,,,,,,,,,
方法,PCB_Drc,modifyEqualLengthNetGroupName,修改等长网络组的名称,待测试,,,,,,,,,,,,,,,,
方法,PCB_Drc,modifyNetClassName,修改网络类的名称,待测试,,,,,,,,,,,,,,,,
方法,PCB_Drc,modifyPadPairGroupName,修改焊盘对组的名称,待测试,,,,,,,,,,,,,,,,
方法,PCB_Drc,overwriteNetByNetRules,覆写网络-网络规则,待测试,,,,,,,,,,,,,,,,
方法,PCB_Drc,overwriteNetRules,覆写网络规则,待测试,,,,,,,,,,,,,,,,
方法,PCB_Drc,overwriteRegionRules,覆写区域规则,待测试,,,,,,,,,,,,,,,,
方法,PCB_Drc,removeNetFromEqualLengthNetGroup,从等长网络组中移除网络,待测试,,,,,,,,,,,,,,,,
方法,PCB_Drc,removeNetFromNetClass,从网络类中移除网络,待测试,,,,,,,,,,,,,,,,
方法,PCB_Drc,removePadPairFromPadPairGroup,从焊盘对组中移除焊盘对,待测试,,,,,,,,,,,,,,,,
方法,PCB_Drc,renameRuleConfiguration,重命名设计规则配置,待测试,,,,,,,,,,,,,,,,
方法,PCB_Drc,saveRuleConfiguration,保存设计规则配置,待测试,,,,,,,,,,,,,,,,
方法,PCB_Drc,setAsDefaultRuleConfiguration,设置为新建 PCB 默认设计规则配置,待测试,,,,,,,,,,,,,,,,
类,PCB_Event,,PCB & 封装 / 事件类,待测试,,,,,,,,,,,,,,,,
方法,PCB_Event,addMouseEventListener,新增鼠标事件监听,待测试,,,,,,,,,,,,,,,,
方法,PCB_Event,isEventListenerAlreadyExist,查询事件监听是否存在,待测试,,,,,,,,,,,,,,,,
方法,PCB_Event,removeEventListener,移除事件监听,待测试,,,,,,,,,,,,,,,,
类,PCB_Layer,,PCB & 封装 / 图层操作类,待测试,,,,,,,,,,,,,,,,
方法,PCB_Layer,addCustomLayer,新增自定义层,待测试,,,,,,,,,,,,,,,,
方法,PCB_Layer,getAllLayers,获取所有图层的详细属性,待测试,,,,,,,,,,,,,,,,
方法,PCB_Layer,lockLayer,锁定层,待测试,,,,,,,,,,,,,,,,
方法,PCB_Layer,modifyLayer,修改图层属性,待测试,,,,,,,,,,,,,,,,
方法,PCB_Layer,removeLayer,移除层,待测试,,,,,,,,,,,,,,,,
方法,PCB_Layer,selectLayer,选中图层,待测试,,,,,,,,,,,,,,,,
方法,PCB_Layer,setInactiveLayerTransparency,设置非激活层透明度,待测试,,,,,,,,,,,,,,,,
方法,PCB_Layer,setLayerColorConfiguration,设置层颜色配置,待测试,,,,,,,,,,,,,,,,
方法,PCB_Layer,setLayerInvisible,将层设置为不可见,待测试,,,,,,,,,,,,,,,,
方法,PCB_Layer,setLayerVisible,将层设置为可见,待测试,,,,,,,,,,,,,,,,
方法,PCB_Layer,setPcbType,设置 PCB 类型,待测试,,,,,,,,,,,,,,,,
方法,PCB_Layer,setTheNumberOfCopperLayers,设置铜箔层数,待测试,,,,,,,,,,,,,,,,
方法,PCB_Layer,unlockLayer,取消锁定层,待测试,,,,,,,,,,,,,,,,
类,PCB_ManufactureData,,PCB & 封装 / 生产资料类,待测试,,,,,,,,,,,,,,,,
方法,PCB_ManufactureData,get3DFile,获取 3D 模型文件,待测试,,,,,,,,,,,,,,,,
方法,PCB_ManufactureData,get3DShellFile,获取 3D 外壳文件,待测试,,,,,,,,,,,,,,,,
方法,PCB_ManufactureData,getAutoLayoutJsonFile,获取自动布局文件（JSON）,待测试,,,,,,,,,,,,,,,,
方法,PCB_ManufactureData,getAutoRouteJsonFile,获取自动布线文件（JSON）,待测试,,,,,,,,,,,,,,,,
方法,PCB_ManufactureData,getBomFile,获取 BOM 文件,待测试,,,,,,,,,,,,,,,,
方法,PCB_ManufactureData,getDsnFile,获取自动布线文件（DSN）,待测试,,,,,,,,,,,,,,,,
方法,PCB_ManufactureData,getDxfFile,获取 DXF 文件,待测试,,,,,,,,,,,,,,,,
方法,PCB_ManufactureData,getGerberFile,获取 PCB 制版文件（Gerber）,待测试,,,,,,,,,,,,,,,,
方法,PCB_ManufactureData,getNetlistFile,获取网表文件（Netlist）,待测试,,,,,,,,,,,,,,,,
方法,PCB_ManufactureData,getOldAutoLayoutJsonFile,获取旧版自动布局文件（JSON）,待测试,,,,,,,,,,,,,,,,
方法,PCB_ManufactureData,getOldAutoRouteJsonFile,获取旧版自动布线文件（JSON）,待测试,,,,,,,,,,,,,,,,
方法,PCB_ManufactureData,getOpenDatabaseDoublePlusFile,获取 ODB++ 文件,待测试,,,,,,,,,,,,,,,,
方法,PCB_ManufactureData,getPcbInfoFile,获取 PCB 信息文件,待测试,,,,,,,,,,,,,,,,
方法,PCB_ManufactureData,getPickAndPlaceFile,获取坐标文件（PickAndPlace）,待测试,,,,,,,,,,,,,,,,
方法,PCB_ManufactureData,getTestPointFile,获取测试点报告文件,待测试,,,,,,,,,,,,,,,,
类,PCB_MathPolygon,,PCB & 封装 / 多边形数学类,待测试,,,,,,,,,,,,,,,,
方法,PCB_MathPolygon,convertImageToComplexPolygon,将图像转换为复杂多边形对象,待测试,,,,,,,,,,,,,,,,
方法,PCB_MathPolygon,createComplexPolygon,创建复杂多边形,待测试,,,,,,,,,,,,,,,,
方法,PCB_MathPolygon,createPolygon,创建单多边形,测试通过,,,,,,,,,,,,,,,,
方法,PCB_MathPolygon,splitPolygon,拆分单多边形,待测试,,,,,,,,,,,,,,,,
类,PCB_Net,,PCB & 封装 / 网络类,待测试,,,,,,,,,,,,,,,,
方法,PCB_Net,getAllNetName,获取所有网络的网络名称,待测试,,,,,,,,,,,,,,,,
方法,PCB_Net,getAllPrimitivesByNet,获取关联指定网络的所有图元,待测试,,,,,,,,,,,,,,,,
方法,PCB_Net,getNetLength,获取指定网络的长度,待测试,,,,,,,,,,,,,,,,
方法,PCB_Net,getNetlist,获取网表,待测试,,,,,,,,,,,,,,,,
方法,PCB_Net,highlightNet,高亮网络,待测试,,,,,,,,,,,,,,,,
方法,PCB_Net,selectNet,选中网络,待测试,,,,,,,,,,,,,,,,
方法,PCB_Net,setNetlist,更新网表,待测试,,,,,,,,,,,,,,,,
方法,PCB_Net,unselectAllNets,取消选中所有网络,待测试,,,,,,,,,,,,,,,,
方法,PCB_Net,unselectNet,取消选中网络,待测试,,,,,,,,,,,,,,,,
类,PCB_Primitive,,PCB & 封装 / 图元类,待测试,,,,,,,,,,,,,,,,
类,PCB_PrimitiveArc,,PCB & 封装 / 圆弧线图元类,待测试,,,,,,,,,,,,,,,,
方法,PCB_PrimitiveArc,create,创建圆弧线,测试中,两点圆弧接口会出现debug界面，创建出圆弧也有参数问题,,,debug 已修复，坐标 10 倍差异问题,,,,,,,,,,,,
方法,PCB_PrimitiveArc,delete,删除圆弧线,待测试,,,,,,,,,,,,,,,,
方法,PCB_PrimitiveArc,get,获取圆弧线,待测试,,,,,,,,,,,,,,,,
方法,PCB_PrimitiveArc,get,获取圆弧线,待测试,,,,,,,,,,,,,,,,
方法,PCB_PrimitiveArc,getAll,获取所有圆弧线,待测试,,,,,,,,,,,,,,,,
方法,PCB_PrimitiveArc,getAllPrimitiveId,获取所有圆弧线的图元 ID,待测试,,,,,,,,,,,,,,,,
方法,PCB_PrimitiveArc,modify,修改圆弧线,待测试,,,,,,,,,,,,,,,,
类,PCB_PrimitiveComponent,,PCB & 封装 / 器件图元类,待测试,,,,,,,,,,,,,,,,
方法,PCB_PrimitiveComponent,create,创建器件,待测试,,,,,,,,,,,,,,,,
方法,PCB_PrimitiveComponent,delete,删除器件,待测试,,,,,,,,,,,,,,,,
方法,PCB_PrimitiveComponent,get,获取器件,待测试,,,,,,,,,,,,,,,,
方法,PCB_PrimitiveComponent,get,,待测试,,,,,,,,,,,,,,,,
方法,PCB_PrimitiveComponent,getAll,获取所有器件,待测试,,,,,,,,,,,,,,,,
方法,PCB_PrimitiveComponent,getAllPrimitiveId,获取所有器件的图元 ID,待测试,,,,,,,,,,,,,,,,
方法,PCB_PrimitiveComponent,modify,修改器件,待测试,,,,,,,,,,,,,,,,
类,PCB_PrimitiveDimension,,PCB & 封装 / 尺寸标注图元类,待测试,,,,,,,,,,,,,,,,
方法,PCB_PrimitiveDimension,create,创建尺寸标注,待测试,,,,,,,,,,,,,,,,
方法,PCB_PrimitiveDimension,delete,删除尺寸标注,待测试,,,,,,,,,,,,,,,,
方法,PCB_PrimitiveDimension,get,获取尺寸标注,待测试,,,,,,,,,,,,,,,,
方法,PCB_PrimitiveDimension,get,获取尺寸标注,待测试,,,,,,,,,,,,,,,,
方法,PCB_PrimitiveDimension,getAll,获取所有尺寸标注,待测试,,,,,,,,,,,,,,,,
方法,PCB_PrimitiveDimension,getAllPrimitiveId,获取所有尺寸标注的图元 ID,待测试,,,,,,,,,,,,,,,,
方法,PCB_PrimitiveDimension,modify,修改尺寸标注,待测试,,,,,,,,,,,,,,,,
类,PCB_PrimitiveFill,,PCB & 封装 / 填充图元类,待测试,,,,,,,,,,,,,,,,
类,PCB_PrimitiveImage,,PCB & 封装 / 图像图元类,待测试,,,,,,,,,,,,,,,,
方法,PCB_PrimitiveImage,create,创建图像,测试中,,,,,,,,,,,,,,,,
方法,PCB_PrimitiveImage,delete,删除图像,待测试,,,,,,,,,,,,,,,,
方法,PCB_PrimitiveImage,get,获取图像,待测试,,,,,,,,,,,,,,,,
方法,PCB_PrimitiveImage,get,获取图像,待测试,,,,,,,,,,,,,,,,
方法,PCB_PrimitiveImage,getAll,获取所有图像,待测试,,,,,,,,,,,,,,,,
方法,PCB_PrimitiveImage,getAllPrimitiveId,获取所有图像的图元 ID,待测试,,,,,,,,,,,,,,,,
方法,PCB_PrimitiveImage,modify,修改图像,待测试,,,,,,,,,,,,,,,,
类,PCB_PrimitiveLine,,PCB & 封装 / 直线图元类,待测试,,,,,,,,,,,,,,,,
方法,PCB_PrimitiveLine,create,创建直线,测试通过,,,,,,,,,,,,,,,,
方法,PCB_PrimitiveLine,delete,删除直线,测试通过,,,,,,,,,,,,,,,,
方法,PCB_PrimitiveLine,get,获取直线,测试通过,,,,,,,,,,,,,,,,
方法,PCB_PrimitiveLine,get,获取直线,测试通过,,,,,,,,,,,,,,,,
方法,PCB_PrimitiveLine,getAll,获取所有直线,待测试,,,,,,,,,,,,,,,,
方法,PCB_PrimitiveLine,getAllPrimitiveId,获取所有直线的图元 ID,待测试,,,,,,,,,,,,,,,,
方法,PCB_PrimitiveLine,modify,修改直线,测试通过,修改后的导线会十倍缩小,,,坐标 10 倍差异问题,,,,,,,,,,,,
类,PCB_PrimitiveObject,,PCB & 封装 / 二进制内嵌对象图元类,待测试,,,,,,,,,,,,,,,,
类,PCB_PrimitivePad,,PCB & 封装 / 焊盘图元类,待测试,,,,,,,,,,,,,,,,
方法,PCB_PrimitivePad,create,创建焊盘,待测试,,,,,,,,,,,,,,,,
方法,PCB_PrimitivePad,delete,删除焊盘,待测试,,,,,,,,,,,,,,,,
方法,PCB_PrimitivePad,get,获取焊盘,待测试,,,,,,,,,,,,,,,,
方法,PCB_PrimitivePad,get,获取焊盘,待测试,,,,,,,,,,,,,,,,
方法,PCB_PrimitivePad,getAll,获取所有焊盘,待测试,,,,,,,,,,,,,,,,
方法,PCB_PrimitivePad,getAllPrimitiveId,获取所有焊盘的图元 ID,待测试,,,,,,,,,,,,,,,,
方法,PCB_PrimitivePad,modify,修改焊盘,待测试,,,,,,,,,,,,,,,,
类,PCB_PrimitivePolyline,,PCB & 封装 / 折线图元类,待测试,,,,,,,,,,,,,,,,
方法,PCB_PrimitivePolyline,create,创建折线,测试失败,控制台报错,V2.2.34,,#119414 pro-api 和 pro-sch 之间传递的参数存在差异，导致数据解析失败,,,,,,,,,,,,
方法,PCB_PrimitivePolyline,delete,删除折线,待测试,,,,,,,,,,,,,,,,
方法,PCB_PrimitivePolyline,get,获取折线,待测试,,,,,,,,,,,,,,,,
方法,PCB_PrimitivePolyline,get,获取折线,待测试,,,,,,,,,,,,,,,,
方法,PCB_PrimitivePolyline,getAll,获取所有折线,待测试,,,,,,,,,,,,,,,,
方法,PCB_PrimitivePolyline,getAllPrimitiveId,获取所有折线的图元 ID,待测试,,,,,,,,,,,,,,,,
方法,PCB_PrimitivePolyline,modify,修改折线,待测试,,,,,,,,,,,,,,,,
类,PCB_PrimitivePour,,PCB & 封装 / 覆铜边框图元类,待测试,,,,,,,,,,,,,,,,
类,PCB_PrimitiveRegion,,PCB & 封装 / 区域图元类,待测试,,,,,,,,,,,,,,,,
类,PCB_PrimitiveVia,,PCB & 封装 / 过孔图元类,待测试,,,,,,,,,,,,,,,,
方法,PCB_PrimitiveVia,create,创建过孔,测试通过,,,,,,,,,,,,,,,,
方法,PCB_PrimitiveVia,delete,删除过孔,测试通过,,,,,,,,,,,,,,,,
方法,PCB_PrimitiveVia,get,获取过孔,待测试,,,,,,,,,,,,,,,,
方法,PCB_PrimitiveVia,get,获取过孔,待测试,,,,,,,,,,,,,,,,
方法,PCB_PrimitiveVia,getAll,获取所有过孔,待测试,,,,,,,,,,,,,,,,
方法,PCB_PrimitiveVia,getAllPrimitiveId,获取所有过孔图元 ID,待测试,,,,,,,,,,,,,,,,
方法,PCB_PrimitiveVia,modify,修改过孔,待测试,,,,,,,,,,,,,,,,
类,PCB_SelectControl,,PCB & 封装 / 选择控制类,待测试,,,,,,,,,,,,,,,,
方法,PCB_SelectControl,clearSelected,清除选中,待测试,,,,,,,,,,,,,,,,
方法,PCB_SelectControl,doCrossProbeSelect,进行交叉选择,待测试,,,,,,,,,,,,,,,,
方法,PCB_SelectControl,doSelectPrimitives,使用图元 ID 选中图元,待测试,,,,,,,,,,,,,,,,
方法,PCB_SelectControl,getAllSelectedPrimitives_PrimitiveId,查询所有已选中图元的图元 ID,待测试,,,,,,,,,,,,,,,,
方法,PCB_SelectControl,getSelectedPrimitives,查询选中图元的所有参数,待测试,,,,,,,,,,,,,,,,
类,PNL_Document,,面板 / 文档操作类,待测试,,,,,,,,,,,,,,,,
方法,PNL_Document,save,保存文档,待测试,,,,,,,,,,,,,,,,
类,SCH_Document,,原理图 & 符号 / 文档操作类,待测试,,,,,,,,,,,,,,,,
方法,SCH_Document,importChanges,从 PCB 导入变更,待测试,,,,,,,,,,,,,,,,
方法,SCH_Document,save,保存文档,待测试,,,,,,,,,,,,,,,,
类,SCH_Drc,,原理图 & 符号 / 设计规则检查（DRC）类,待测试,,,,,,,,,,,,,,,,
方法,SCH_Drc,check,检查 DRC,待测试,,,,,,,,,,,,,,,,
类,SCH_Event,,原理图 & 符号 / 事件类,待测试,,,,,,,,,,,,,,,,
方法,SCH_Event,addMouseEventListener,新增鼠标事件监听,测试通过,,,,,,,,,,,,,,,,
方法,SCH_Event,isEventListenerAlreadyExist,查询事件监听是否存在,测试通过,,,,,,,,,,,,,,,,
方法,SCH_Event,removeEventListener,移除事件监听,测试通过,,,,,,,,,,,,,,,,
类,SCH_ManufactureData,,原理图 & 符号 / 生产资料类,待测试,,,,,,,,,,,,,,,,
方法,SCH_ManufactureData,getBomFile,获取 BOM 文件,待测试,,,,,,,,,,,,,,,,
方法,SCH_ManufactureData,getNetlistFile,获取网表文件（Netlist）,待测试,,,,,,,,,,,,,,,,
方法,SCH_ManufactureData,placeComponentsOrder,元件下单,待测试,,,,,,,,,,,,,,,,
方法,SCH_ManufactureData,placeSmtComponentsOrder,SMT 元件下单,待测试,,,,,,,,,,,,,,,,
类,SCH_Netlist,,原理图 & 符号 / 网表类,待测试,,,,,,,,,,,,,,,,
方法,SCH_Netlist,getNetlist,获取网表,待测试,,,,,,,,,,,,,,,,
方法,SCH_Netlist,setNetlist,更新网表,待测试,,,,,,,,,,,,,,,,
类,SCH_Primitive,,原理图 & 符号 / 图元类,待测试,,,,,,,,,,,,,,,,
方法,SCH_Primitive,getPrimitiveByPrimitiveId,获取指定 ID 的图元的所有属性,待测试,,,,,,,,,,,,,,,,
方法,SCH_Primitive,getPrimitiveTypeByPrimitiveId,获取指定 ID 的图元的图元类型,待测试,,,,,,,,,,,,,,,,
类,SCH_PrimitiveArc,,原理图 & 符号 / 圆弧图元类,待测试,,,,,,,,,,,,,,,,
方法,SCH_PrimitiveArc,create,创建圆弧,待测试,,,,,,,,,,,,,,,,
方法,SCH_PrimitiveArc,delete,删除圆弧,待测试,,,,,,,,,,,,,,,,
方法,SCH_PrimitiveArc,get,获取圆弧,待测试,,,,,,,,,,,,,,,,
方法,SCH_PrimitiveArc,get,,待测试,,,,,,,,,,,,,,,,
方法,SCH_PrimitiveArc,getAll,获取所有圆弧,待测试,,,,,,,,,,,,,,,,
方法,SCH_PrimitiveArc,getAllPrimitiveId,获取所有圆弧的图元 ID,待测试,,,,,,,,,,,,,,,,
方法,SCH_PrimitiveArc,modify,修改圆弧,待测试,,,,,,,,,,,,,,,,
类,SCH_PrimitiveBus,,原理图 & 符号 / 总线图元类,待测试,,,,,,,,,,,,,,,,
方法,SCH_PrimitiveBus,create,创建总线,待测试,,,,,,,,,,,,,,,,
方法,SCH_PrimitiveBus,delete,删除总线,待测试,,,,,,,,,,,,,,,,
方法,SCH_PrimitiveBus,get,获取总线,待测试,,,,,,,,,,,,,,,,
方法,SCH_PrimitiveBus,get,,待测试,,,,,,,,,,,,,,,,
方法,SCH_PrimitiveBus,getAll,获取所有总线,待测试,,,,,,,,,,,,,,,,
方法,SCH_PrimitiveBus,getAllPrimitiveId,获取所有总线的图元 ID,待测试,,,,,,,,,,,,,,,,
方法,SCH_PrimitiveBus,modify,修改总线,待测试,,,,,,,,,,,,,,,,
类,SCH_PrimitiveCircle,,原理图 & 符号 / 圆图元类,待测试,,,,,,,,,,,,,,,,
方法,SCH_PrimitiveCircle,create,创建圆,待测试,,,,,,,,,,,,,,,,
方法,SCH_PrimitiveCircle,delete,删除圆,待测试,,,,,,,,,,,,,,,,
方法,SCH_PrimitiveCircle,get,获取圆,待测试,,,,,,,,,,,,,,,,
方法,SCH_PrimitiveCircle,get,,待测试,,,,,,,,,,,,,,,,
方法,SCH_PrimitiveCircle,getAll,获取所有圆,待测试,,,,,,,,,,,,,,,,
方法,SCH_PrimitiveCircle,getAllPrimitiveId,获取所有圆的图元 ID,待测试,,,,,,,,,,,,,,,,
方法,SCH_PrimitiveCircle,modify,修改圆,待测试,,,,,,,,,,,,,,,,
类,SCH_PrimitiveComponent,,原理图 & 符号 / 器件图元类,待测试,,,,,,,,,,,,,,,,
方法,SCH_PrimitiveComponent,create,创建器件,待测试,,,,,,,,,,,,,,,,
方法,SCH_PrimitiveComponent,createNetFlag,创建网络标识,待测试,,,,,,,,,,,,,,,,
方法,SCH_PrimitiveComponent,createNetPort,创建网络端口,待测试,,,,,,,,,,,,,,,,
方法,SCH_PrimitiveComponent,createShortCircuitFlag,创建短接标识,待测试,,,,,,,,,,,,,,,,
方法,SCH_PrimitiveComponent,delete,删除器件,待测试,,,,,,,,,,,,,,,,
方法,SCH_PrimitiveComponent,get,获取器件,测试通过,,,,,,,,,,,,,,,,
方法,SCH_PrimitiveComponent,get,获取器件,测试通过,,,,,,,,,,,,,,,,
方法,SCH_PrimitiveComponent,getAll,获取所有器件,待测试,,,,,,,,,,,,,,,,
方法,SCH_PrimitiveComponent,getAllPrimitiveId,获取所有器件的图元 ID,待测试,,,,,,,,,,,,,,,,
方法,SCH_PrimitiveComponent,modify,修改器件,待测试,,,,,,,,,,,,,,,,
方法,SCH_PrimitiveComponent,setNetFlagComponentUuid_AnalogGround,设置在扩展 API 中 AnalogGround 网络标识关联的器件 UUID,待测试,,,,,,,,,,,,,,,,
方法,SCH_PrimitiveComponent,setNetFlagComponentUuid_Ground,设置在扩展 API 中 Ground 网络标识关联的器件 UUID,待测试,,,,,,,,,,,,,,,,
方法,SCH_PrimitiveComponent,setNetFlagComponentUuid_Power,设置在扩展 API 中 Power 网络标识关联的器件 UUID,待测试,,,,,,,,,,,,,,,,
方法,SCH_PrimitiveComponent,setNetFlagComponentUuid_ProtectGround,设置在扩展 API 中 ProtectGround 网络标识关联的器件 UUID,待测试,,,,,,,,,,,,,,,,
方法,SCH_PrimitiveComponent,setNetPortComponentUuid_BI,设置在扩展 API 中 BI 网络端口关联的器件 UUID,待测试,,,,,,,,,,,,,,,,
方法,SCH_PrimitiveComponent,setNetPortComponentUuid_IN,设置在扩展 API 中 IN 网络端口关联的器件 UUID,待测试,,,,,,,,,,,,,,,,
方法,SCH_PrimitiveComponent,setNetPortComponentUuid_OUT,设置在扩展 API 中 OUT 网络端口关联的器件 UUID,待测试,,,,,,,,,,,,,,,,
类,SCH_PrimitivePin,,原理图 & 符号 / 引脚图元类,待测试,,,,,,,,,,,,,,,,
方法,SCH_PrimitivePin,create,创建引脚,测试失败,生成方向Y坐标反了；文档未写生成位置是坐标参数的0.01倍(inch单位)；引脚编号和名称生成位置错误；能够在原理图创建引脚；,V2.2.34,,#119423,,,,,,,,,,,,
方法,SCH_PrimitivePin,delete,删除引脚,测试通过,,,,,,,,,,,,,,,,
方法,SCH_PrimitivePin,get,获取引脚,测试中,Y轴反向,V2.2.34,,,,,,,,,,,,,,
方法,SCH_PrimitivePin,get,,测试中,,V2.2.34,,,,,,,,,,,,,,
方法,SCH_PrimitivePin,getAll,获取所有引脚,测试中,拿不到数据,V2.2.34,,,,,,,,,,,,,,
方法,SCH_PrimitivePin,getAllPrimitiveId,获取所有引脚的图元 ID,测试中,拿不到数据,V2.2.34,,,,,,,,,,,,,,
方法,SCH_PrimitivePin,modify,修改引脚,测试中,和创建引脚同样问题,V2.2.34,,,,,,,,,,,,,,
类,SCH_PrimitivePolygon,,原理图 & 符号 / 多边形图元类,待测试,,,,,,,,,,,,,,,,
方法,SCH_PrimitivePolygon,create,创建多边形,测试失败,控制台报错,V2.2.34,,#119434,,,,,,,,,,,,
方法,SCH_PrimitivePolygon,delete,删除多边形,测试通过,,,,,,,,,,,,,,,,
方法,SCH_PrimitivePolygon,get,获取多边形,测试通过,,,,,,,,,,,,,,,,
方法,SCH_PrimitivePolygon,get,,测试通过,,,,,,,,,,,,,,,,
方法,SCH_PrimitivePolygon,getAll,获取所有多边形,测试通过,,,,,,,,,,,,,,,,
方法,SCH_PrimitivePolygon,getAllPrimitiveId,获取所有多边形的图元 ID,测试通过,,,,,,,,,,,,,,,,
方法,SCH_PrimitivePolygon,modify,修改多边形,测试失败,控制台报错,V2.2.34,,#119434,,,,,,,,,,,,
类,SCH_PrimitiveRectangle,,原理图 & 符号 / 矩形图元类,待测试,,,,,,,,,,,,,,,,
方法,SCH_PrimitiveRectangle,create,创建矩形,待测试,,,,,,,,,,,,,,,,
方法,SCH_PrimitiveRectangle,delete,删除矩形,待测试,,,,,,,,,,,,,,,,
方法,SCH_PrimitiveRectangle,get,获取矩形,待测试,,,,,,,,,,,,,,,,
方法,SCH_PrimitiveRectangle,get,,待测试,,,,,,,,,,,,,,,,
方法,SCH_PrimitiveRectangle,getAll,获取所有矩形,待测试,,,,,,,,,,,,,,,,
方法,SCH_PrimitiveRectangle,getAllPrimitiveId,获取所有矩形的图元 ID,待测试,,,,,,,,,,,,,,,,
方法,SCH_PrimitiveRectangle,modify,修改矩形,待测试,,,,,,,,,,,,,,,,
类,SCH_PrimitiveText,,原理图 & 符号 / 文本图元类,待测试,,,,,,,,,,,,,,,,
方法,SCH_PrimitiveText,create,创建文本,待测试,,,,,,,,,,,,,,,,
方法,SCH_PrimitiveText,delete,删除文本,待测试,,,,,,,,,,,,,,,,
方法,SCH_PrimitiveText,get,获取文本,待测试,,,,,,,,,,,,,,,,
方法,SCH_PrimitiveText,get,,待测试,,,,,,,,,,,,,,,,
方法,SCH_PrimitiveText,getAll,获取所有文本,待测试,,,,,,,,,,,,,,,,
方法,SCH_PrimitiveText,getAllPrimitiveId,获取所有文本的图元 ID,待测试,,,,,,,,,,,,,,,,
方法,SCH_PrimitiveText,modify,修改文本,待测试,,,,,,,,,,,,,,,,
类,SCH_PrimitiveWire,,原理图 & 符号 / 导线图元类,待测试,,,,,,,,,,,,,,,,
方法,SCH_PrimitiveWire,create,创建导线,待测试,,,,,,,,,,,,,,,,
方法,SCH_PrimitiveWire,delete,删除导线,待测试,,,,,,,,,,,,,,,,
方法,SCH_PrimitiveWire,get,获取导线,待测试,,,,,,,,,,,,,,,,
方法,SCH_PrimitiveWire,get,,待测试,,,,,,,,,,,,,,,,
方法,SCH_PrimitiveWire,getAll,获取所有导线,待测试,,,,,,,,,,,,,,,,
方法,SCH_PrimitiveWire,getAllPrimitiveId,获取所有导线的图元 ID,待测试,,,,,,,,,,,,,,,,
方法,SCH_PrimitiveWire,modify,修改导线,待测试,,,,,,,,,,,,,,,,
类,SCH_SelectControl,,原理图 & 符号 / 选择控制类,待测试,,,,,,,,,,,,,,,,
方法,SCH_SelectControl,clearSelected,清除选中,待测试,,,,,,,,,,,,,,,,
方法,SCH_SelectControl,doCrossProbeSelect,进行交叉选择,待测试,,,,,,,,,,,,,,,,
方法,SCH_SelectControl,doSelectPrimitives,使用图元 ID 选中图元,待测试,,,,,,,,,,,,,,,,
方法,SCH_SelectControl,getSelectedPrimitives_PrimitiveId,查询选中图元的图元 ID,待测试,,,,,,,,,,,,,,,,
方法,SCH_SelectControl,getSelectedPrimitives,查询选中图元的所有参数,待测试,,,,,,,,,,,,,,,,
类,SCH_Utils,,原理图 & 符号 / 工具类,待测试,,,,,,,,,,,,,,,,
类,SYS_ClientUrl,,系统 / 外部请求类,待测试,,,,,,,,,,,,,,,,
方法,SYS_ClientUrl,request,发起即时请求,测试通过,,,,,,,,,,,,,,,,
类,SYS_Dialog,,系统 / 对话框类,待测试,,,,,,,,,,,,,,,,
方法,SYS_Dialog,showConfirmationMessage,弹出确认窗口,测试通过,,,,,,,,,,,,,,,,
方法,SYS_Dialog,showInformationMessage,弹出消息窗口,测试通过,,,,,,,,,,,,,,,,
类,SYS_Environment,,系统 / 运行环境类,待测试,,,,,,,,,,,,,,,,
方法,SYS_Environment,isClient,是否处于客户端环境,测试通过,,,,,,,,,,,,,,,,
方法,SYS_Environment,isEasyEDAProEdition,是否为 EasyEDA Pro 版本,测试通过,,,,,,,,,,,,,,,,
方法,SYS_Environment,isHalfOfflineMode,是否为半离线模式,测试通过,,,,,,,,,,,,,,,,
方法,SYS_Environment,isJLCEDAProEdition,是否为嘉立创EDA 专业版本,测试通过,,,,,,,,,,,,,,,,
方法,SYS_Environment,isOfflineMode,是否为全离线模式,测试通过,,,,,,,,,,,,,,,,
方法,SYS_Environment,isOnlineMode,是否为在线模式,测试通过,,,,,,,,,,,,,,,,
方法,SYS_Environment,isProPrivateEdition,是否为私有化部署版本,待测试,,,,,,,,,,,,,,,,
方法,SYS_Environment,isWeb,是否处于浏览器环境,待测试,,,,,,,,,,,,,,,,
类,SYS_FileManager,,系统 / 文件管理类,待测试,,,,,,,,,,,,,,,,
方法,SYS_FileManager,getCbbFileByCbbUuid,使用复用模块 UUID 获取复用模块文件,测试通过,,,,,,,,,,,,,,,,
方法,SYS_FileManager,getDeviceFileByDeviceUuid,使用器件 UUID 获取器件文件,测试通过,,,,,,,,,,,,,,,,
方法,SYS_FileManager,getDocumentFile,获取文档文件,测试通过,,,,,,,,,,,,,,,,
方法,SYS_FileManager,getDocumentFootprintSources,获取文档封装源码,测试通过,,,,,,,,,,,,,,,,
方法,SYS_FileManager,getDocumentSource,获取文档源码,测试通过,,,,,,,,,,,,,,,,
方法,SYS_FileManager,getFootprintFileByFootprintUuid,使用封装 UUID 获取封装文件,测试通过,,,,,,,,,,,,,,,,
方法,SYS_FileManager,getProjectFile,获取工程文件,测试通过,,,,,,,,,,,,,,,,
方法,SYS_FileManager,getProjectFileByProjectUuid,使用工程 UUID 获取工程文件,测试通过,,,,,,,,,,,,,,,,
方法,SYS_FileManager,setDocumentSource,修改文档源码,测试通过,,,,,,,,,,,,,,,,
类,SYS_FileSystem,,系统 / 文件系统交互类,待测试,,,,,,,,,,,,,,,,
方法,SYS_FileSystem,openReadFileDialog,打开读入文件窗口,测试通过,,,,,,,,,,,,,,,,
方法,SYS_FileSystem,saveFile,保存文件,待测试,,,,,,,,,,,,,,,,
类,SYS_FontManager,,系统 / 字体管理类,待测试,,,,,,,,,,,,,,,,
方法,SYS_FontManager,addFont,添加字体到字体列表,测试中,,,,,,,,,,,,,,,,
方法,SYS_FontManager,deleteFont,删除字体列表内的指定字体,测试通过,,,,,,,,,,,,,,,,
方法,SYS_FontManager,getFontsList,获取当前已经配置的字体列表,测试通过,,,,,,,,,,,,,,,,
类,SYS_I18n,,系统 / 多语言类,待测试,,,,,,,,,,,,,,,,
方法,SYS_I18n,getAllSupportedLanguages,查询所有支持的语言,测试通过,,,,,,,,,,,,,,,,
方法,SYS_I18n,getCurrentLanguage,获取当前语言环境,测试通过,,,,,,,,,,,,,,,,
方法,SYS_I18n,importMultilingual,导入多语言,测试中,,,,,,,,,,,,,,,,
方法,SYS_I18n,importMultilingualLanguage,导入多语言：指定命名空间和语言,待测试,,,,,,,,,,,,,,,,
方法,SYS_I18n,importMultilingualNamespace,导入多语言：指定命名空间,待测试,,,,,,,,,,,,,,,,
方法,SYS_I18n,isLanguageSupported,检查语言是否受支持,待测试,,,,,,,,,,,,,,,,
方法,SYS_I18n,text,输出语言文本,待测试,,,,,,,,,,,,,,,,
类,SYS_IFrame,,系统 / 内联框架窗口类,待测试,,,,,,,,,,,,,,,,
方法,SYS_IFrame,closeIFrame,关闭内联框架窗口,测试通过,,,,,,,,,,,,,,,,
方法,SYS_IFrame,openIFrame,打开内联框架窗口,测试通过,"内联框架部分接口未禁用，fetch,eval，切换文档窗口会消失",,,IFrame 内部的方法拦截还未开发；切换文档时，EDA 内部有关闭所有弹窗、清除所有事件的操作，当前无法绕过,,,,,,,,,,,,
类,SYS_LoadingAndProgressBar,,系统 / 加载与进度条类,待测试,,,,,,,,,,,,,,,,
方法,SYS_LoadingAndProgressBar,destroyLoading,销毁无进度加载覆盖,待测试,,,,,,,,,,,,,,,,
方法,SYS_LoadingAndProgressBar,destroyProgressBar,销毁进度条,测试通过,,,,,,,,,,,,,,,,
方法,SYS_LoadingAndProgressBar,showLoading,显示无进度加载覆盖,测试通过,,,,,,,,,,,,,,,,
方法,SYS_LoadingAndProgressBar,showProgressBar,显示进度条或设置进度条进度,测试通过,,,,,,,,,,,,,,,,
类,SYS_Log,,系统 / 日志类,待测试,,,,,,,,,,,,,,,,
方法,SYS_Log,add,添加日志条目,待测试,,,,,,,,,,,,,,,,
方法,SYS_Log,clear,清空日志,待测试,,,,,,,,,,,,,,,,
方法,SYS_Log,export,导出日志,待测试,,,,,,,,,,,,,,,,
方法,SYS_Log,find,查找条目,待测试,,,,,,,,,,,,,,,,
方法,SYS_Log,sort,筛选并获取日志条目,待测试,,,,,,,,,,,,,,,,
类,SYS_MessageBox,,系统 / 消息框类,待测试,,,,,,,,,,,,,,,,
方法,SYS_MessageBox,showConfirmationMessage,显示确认框,测试通过,,,,,,,,,,,,,,,,
方法,SYS_MessageBox,showInformationMessage,显示消息框,测试通过,,,,,,,,,,,,,,,,
类,SYS_PanelControl,,系统 / 面板控制类,待测试,,,,,,,,,,,,,,,,
方法,SYS_PanelControl,closeBottomPanel,关闭底部面板,待测试,,,,,,,,,,,,,,,,
方法,SYS_PanelControl,closeLeftPanel,关闭左侧面板,待测试,,,,,,,,,,,,,,,,
方法,SYS_PanelControl,closeRightPanel,关闭右侧面板,待测试,,,,,,,,,,,,,,,,
方法,SYS_PanelControl,isBottomPanelLocked,查询底部面板是否已锁定,待测试,,,,,,,,,,,,,,,,
方法,SYS_PanelControl,isLeftPanelLocked,查询左侧面板是否已锁定,待测试,,,,,,,,,,,,,,,,
方法,SYS_PanelControl,isRightPanelLocked,查询右侧面板是否已锁定,待测试,,,,,,,,,,,,,,,,
方法,SYS_PanelControl,openBottomPanel,打开底部面板,待测试,,,,,,,,,,,,,,,,
方法,SYS_PanelControl,openLeftPanel,打开左侧面板,待测试,,,,,,,,,,,,,,,,
方法,SYS_PanelControl,openRightPanel,打开右侧面板,待测试,,,,,,,,,,,,,,,,
方法,SYS_PanelControl,toggleBottomPanelLockState,切换底部面板锁定状态,待测试,,,,,,,,,,,,,,,,
方法,SYS_PanelControl,toggleLeftPanelLockState,切换左侧面板锁定状态,待测试,,,,,,,,,,,,,,,,
方法,SYS_PanelControl,toggleRightPanelLockState,切换右侧面板锁定状态,待测试,,,,,,,,,,,,,,,,
类,SYS_ShortcutKey,,系统 / 快捷键类,待测试,,,,,,,,,,,,,,,,
方法,SYS_ShortcutKey,getShortcutKeys,查询快捷键列表,待测试,,,,,,,,,,,,,,,,
方法,SYS_ShortcutKey,registerShortcutKey,注册快捷键,待测试,,,,,,,,,,,,,,,,
方法,SYS_ShortcutKey,unregisterShortcutKey,反注册快捷键,待测试,,,,,,,,,,,,,,,,
类,SYS_Storage,,系统 / 存储类,待测试,,,,,,,,,,,,,,,,
方法,SYS_Storage,clearExtensionAllUserConfigs,清除扩展所有用户配置,待测试,,,,,,,,,,,,,,,,
方法,SYS_Storage,deleteExtensionUserConfig,删除扩展用户配置,待测试,,,,,,,,,,,,,,,,
方法,SYS_Storage,getExtensionAllUserConfigs,获取扩展所有用户配置,待测试,,,,,,,,,,,,,,,,
方法,SYS_Storage,getExtensionUserConfig,获取扩展用户配置,待测试,,,,,,,,,,,,,,,,
方法,SYS_Storage,setExtensionAllUserConfigs,设置扩展所有用户配置,待测试,,,,,,,,,,,,,,,,
方法,SYS_Storage,setExtensionUserConfig,设置扩展用户配置,待测试,,,,,,,,,,,,,,,,
类,SYS_Timer,,系统 / 定时器类,待测试,,,,,,,,,,,,,,,,
方法,SYS_Timer,clearIntervalTimer,清除指定循环定时器,待测试,,,,,,,,,,,,,,,,
方法,SYS_Timer,clearTimeoutTimer,清除指定单次定时器,待测试,,,,,,,,,,,,,,,,
方法,SYS_Timer,setIntervalTimer,设置循环定时器,待测试,,,,,,,,,,,,,,,,
方法,SYS_Timer,setTimeoutTimer,设置单次定时器,待测试,,,,,,,,,,,,,,,,
类,SYS_ToastMessage,,系统 / 吐司消息类,待测试,,,,,,,,,,,,,,,,
方法,SYS_ToastMessage,showMessage,显示吐司消息,待测试,,,,,,,,,,,,,,,,
类,SYS_Unit,,系统 / 单位类,待测试,,,,,,,,,,,,,,,,
方法,SYS_Unit,getSystemDataUnit,获取 API 系统数据单位跨度,待测试,,,,,,,,,,,,,,,,
方法,SYS_Unit,inchToMil,单位转换：英寸到密尔,待测试,,,,,,,,,,,,,,,,
方法,SYS_Unit,inchToMm,单位转换：英寸到毫米,待测试,,,,,,,,,,,,,,,,
方法,SYS_Unit,milToInch,单位转换：密尔到英寸,待测试,,,,,,,,,,,,,,,,
方法,SYS_Unit,milToMm,单位转换：密尔到毫米,待测试,,,,,,,,,,,,,,,,
方法,SYS_Unit,mmToInch,单位转换：毫米到英寸,待测试,,,,,,,,,,,,,,,,
方法,SYS_Unit,mmToMil,单位转换：毫米到密尔,待测试,,,,,,,,,,,,,,,,
类,SYS_WebSocket,,系统 / WebSocket 类,待测试,,,,,,,,,,,,,,,,
方法,SYS_WebSocket,close,关闭 WebSocket 连接,待测试,,,,,,,,,,,,,,,,
方法,SYS_WebSocket,register,注册 WebSocket 连接,待测试,,,,,,,,,,,,,,,,
方法,SYS_WebSocket,send,向 WebSocket 服务器发送数据,待测试,,,,,,,,,,,,,,,,
类,SYS_Window,,系统 / 窗口类,待测试,,,,,,,,,,,,,,,,
方法,SYS_Window,addEventListener,新增事件监听,测试通过,,,,,,,,,,,,,,,,
方法,SYS_Window,open,打开资源窗口,待测试,,,,,,,,,,,,,,,,
方法,SYS_Window,removeEventListener,移除事件监听,测试通过,,,,,,,,,,,,,,,,
枚举,EDMT_EditorDocumentType,,编辑器文档类型,待测试,,,,,,,,,,,,,,,,
枚举,EDMT_EditorSplitScreenDirection,,编辑器分屏方向,待测试,,,,,,,,,,,,,,,,
枚举,EDMT_ItemType,,文档树项目类型,待测试,,,,,,,,,,,,,,,,
枚举,EDMT_ProjectCollaborationMode,,工程协作模式,待测试,,,,,,,,,,,,,,,,
枚举,ELIB_DeviceJlcLibraryCategory,,嘉立创贴片库类别,待测试,,,,,,,,,,,,,,,,
枚举,ELIB_LibraryType,,综合库库类型,待测试,,,,,,,,,,,,,,,,
枚举,ELIB_SymbolType,,符号类型,待测试,,,,,,,,,,,,,,,,
枚举,ENetlistType,,网表类型,待测试,,,,,,,,,,,,,,,,
枚举,EPCB_DocumentRatlineCalculatingActiveStatus,,文档飞线计算功能状态,待测试,,,,,,,,,,,,,,,,
枚举,EPCB_LayerColorConfiguration,,图层颜色配置,待测试,,,,,,,,,,,,,,,,
枚举,EPCB_LayerId,,图层 ID,待测试,,,,,,,,,,,,,,,,
枚举,EPCB_LayerType,,图层类型,待测试,,,,,,,,,,,,,,,,
枚举,EPCB_PcbPlateType,,PCB 板材类型,待测试,,,,,,,,,,,,,,,,
枚举,EPCB_PdfOutputMethod,,PDF 输出方式,待测试,,,,,,,,,,,,,,,,
枚举,EPCB_PrimitiveArcInteractiveMode,,圆弧交互模式,待测试,,,,,,,,,,,,,,,,
枚举,EPCB_PrimitiveDimensionType,,尺寸标注类型,待测试,,,,,,,,,,,,,,,,
枚举,EPCB_PrimitiveFillMode,,填充图元填充模式,待测试,,,,,,,,,,,,,,,,
枚举,EPCB_PrimitivePadFunction,,焊盘功能,待测试,,,,,,,,,,,,,,,,
枚举,EPCB_PrimitivePadHeatWeldingConnectionMethod,,焊盘热焊连接方式,待测试,,,,,,,,,,,,,,,,
枚举,EPCB_PrimitivePadHoleType,,焊盘钻孔类型,待测试,,,,,,,,,,,,,,,,
枚举,EPCB_PrimitivePadShapeType,,焊盘外形种类,待测试,,,,,,,,,,,,,,,,
枚举,EPCB_PrimitiveRegionRuleType,,区域图元区域规则类型,待测试,,,,,,,,,,,,,,,,
枚举,EPCB_PrimitiveType,,图元类型,待测试,,,,,,,,,,,,,,,,
枚举,EPCB_PrimitiveViaType,,过孔类型,待测试,,,,,,,,,,,,,,,,
枚举,ESCH_PrimitiveComponentType,,器件类型,待测试,,,,,,,,,,,,,,,,
枚举,ESCH_PrimitivePinType,,引脚类型,待测试,,,,,,,,,,,,,,,,
枚举,ESCH_PrimitiveType,,图元类型,待测试,,,,,,,,,,,,,,,,
枚举,ESYS_BottomPanelTab,,底部面板标签页,待测试,,,,,,,,,,,,,,,,
枚举,ESYS_LeftPanelTab,,左侧面板标签页,待测试,,,,,,,,,,,,,,,,
枚举,ESYS_LogType,,日志类型,待测试,,,,,,,,,,,,,,,,
枚举,ESYS_RightPanelTab,,右侧面板标签页,待测试,,,,,,,,,,,,,,,,
枚举,ESYS_ShortcutKeyEffectiveEditorDocumentType,,快捷键生效页面范围,待测试,,,,,,,,,,,,,,,,
枚举,ESYS_ShortcutKeyEffectiveEditorScene,,快捷键生效场景范围,待测试,,,,,,,,,,,,,,,,
枚举,ESYS_ToastMessageType,,吐司消息类型,待测试,,,,,,,,,,,,,,,,
枚举,ESYS_Unit,,单位,待测试,,,,,,,,,,,,,,,,
枚举,ESYS_WindowEventType,,窗口事件类型,待测试,,,,,,,,,,,,,,,,
枚举,ESYS_WindowOpenTarget,,打开窗口上下文目标,待测试,,,,,,,,,,,,,,,,
接口,IDMT_BoardItem,,板子属性,待测试,,,,,,,,,,,,,,,,
接口,IDMT_BriefProjectItem,,简略工程属性,待测试,,,,,,,,,,,,,,,,
接口,IDMT_EditorDocumentItem,,编辑器文档对象,待测试,,,,,,,,,,,,,,,,
接口,IDMT_EditorSplitScreenItem,,编辑器分屏属性,待测试,,,,,,,,,,,,,,,,
接口,IDMT_EditorTabItem,,编辑器标签页,待测试,,,,,,,,,,,,,,,,
接口,IDMT_FolderItem,,文件夹属性,待测试,,,,,,,,,,,,,,,,
接口,IDMT_PanelItem,,面板属性,待测试,,,,,,,,,,,,,,,,
接口,IDMT_PcbItem,,PCB 属性,待测试,,,,,,,,,,,,,,,,
接口,IDMT_ProjectItem,,工程属性,待测试,,,,,,,,,,,,,,,,
接口,IDMT_SchematicItem,,原理图属性,待测试,,,,,,,,,,,,,,,,
接口,IDMT_SchematicPageItem,,原理图图页属性,待测试,,,,,,,,,,,,,,,,
接口,IDMT_TeamItem,,团队属性,待测试,,,,,,,,,,,,,,,,
接口,IDMT_WorkspaceItem,,工作区属性,待测试,,,,,,,,,,,,,,,,
接口,ILIB_3DModelItem,,3D 模型属性,待测试,,,,,,,,,,,,,,,,
接口,ILIB_3DModelSearchItem,,搜索到的 3D 模型属性,待测试,,,,,,,,,,,,,,,,
接口,ILIB_CbbItem,,复用模块属性,待测试,,,,,,,,,,,,,,,,
接口,ILIB_CbbSearchItem,,搜索到的复用模块属性,待测试,,,,,,,,,,,,,,,,
接口,ILIB_ClassificationIndex,,分类索引,待测试,,,,,,,,,,,,,,,,
接口,ILIB_DeviceAssociationItem,,器件关联符号、封装属性,待测试,,,,,,,,,,,,,,,,
接口,ILIB_DeviceExtendPropertyItem,,器件扩展属性,待测试,,,,,,,,,,,,,,,,
接口,ILIB_DeviceItem,,器件属性,待测试,,,,,,,,,,,,,,,,
接口,ILIB_DeviceSearchItem,,搜索到的器件属性,待测试,,,,,,,,,,,,,,,,
接口,ILIB_FootprintItem,,封装属性,待测试,,,,,,,,,,,,,,,,
接口,ILIB_FootprintSearchItem,,搜索到的封装属性,待测试,,,,,,,,,,,,,,,,
接口,ILIB_LibraryInfo,,库信息,待测试,,,,,,,,,,,,,,,,
接口,ILIB_PanelLibraryItem,,面板库属性,待测试,,,,,,,,,,,,,,,,
接口,ILIB_PanelLibrarySearchItem,,搜索到的面板库属性,待测试,,,,,,,,,,,,,,,,
接口,ILIB_SymbolItem,,符号属性,待测试,,,,,,,,,,,,,,,,
接口,ILIB_SymbolSearchItem,,搜索到的符号属性,待测试,,,,,,,,,,,,,,,,
接口,IPCB_DifferentialPairItem,,差分对属性,待测试,,,,,,,,,,,,,,,,
接口,IPCB_EqualLengthNetGroupItem,,等长网络组属性,待测试,,,,,,,,,,,,,,,,
接口,IPCB_LayerItem,,图层属性,待测试,,,,,,,,,,,,,,,,
接口,IPCB_NetClassItem,,网络类属性,待测试,,,,,,,,,,,,,,,,
接口,IPCB_PadPairGroupItem,,焊盘对组属性,待测试,,,,,,,,,,,,,,,,
接口,IPCB_PadPairMinWireLengthItem,,焊盘对最短导线长度属性,待测试,,,,,,,,,,,,,,,,
接口,IPCB_Primitive,,PCB 图元,待测试,,,,,,,,,,,,,,,,
接口,IPCB_PrimitiveAPI,,PCB 图元接口,待测试,,,,,,,,,,,,,,,,
接口,IPCB_PrimitiveSolderMaskAndPasteMaskExpansion,,阻焊/助焊扩展,待测试,,,,,,,,,,,,,,,,
接口,ISCH_Primitive,,原理图图元,待测试,,,,,,,,,,,,,,,,
接口,ISCH_PrimitiveAPI,,原理图图元接口,待测试,,,,,,,,,,,,,,,,
接口,ISYS_FileSystemFileList,,文件系统文件路径,待测试,,,,,,,,,,,,,,,,
接口,ISYS_LanguageKeyValuePairs,,语言数据键值对,待测试,,,,,,,,,,,,,,,,
接口,ISYS_LogLine,,日志行,待测试,,,,,,,,,,,,,,,,
接口,ISYS_MultilingualLanguagesData,,多语言数据,待测试,,,,,,,,,,,,,,,,
接口,ISYS_WindowEventListenerRemovableObject,,窗口事件监听可移除对象,待测试,,,,,,,,,,,,,,,,
类型,TPCB_LayersInTheSelectable,,可选中图层,待测试,,,,,,,,,,,,,,,,
类型,TPCB_LayersOfComponent,,器件所属层,待测试,,,,,,,,,,,,,,,,
类型,TPCB_LayersOfCopper,,铜箔所属层,待测试,,,,,,,,,,,,,,,,
类型,TPCB_LayersOfCustom,,自定义层,待测试,,,,,,,,,,,,,,,,
类型,TPCB_LayersOfDimension,,尺寸标注所属层,待测试,,,,,,,,,,,,,,,,
类型,TPCB_LayersOfFill,,填充所属层,待测试,,,,,,,,,,,,,,,,
类型,TPCB_LayersOfImage,,SVG 图像所属层,待测试,,,,,,,,,,,,,,,,
类型,TPCB_LayersOfInner,,内层,待测试,,,,,,,,,,,,,,,,
类型,TPCB_LayersOfLine,,线所属层,待测试,,,,,,,,,,,,,,,,
类型,TPCB_LayersOfObject,,二进制内嵌对象所属层,待测试,,,,,,,,,,,,,,,,
类型,TPCB_LayersOfPad,,焊盘所属层,待测试,,,,,,,,,,,,,,,,
类型,TPCB_LayersOfRegion,,区域所属层,待测试,,,,,,,,,,,,,,,,
类型,TPCB_LayerTypesOfInnerLayer,,内层允许设置的图层类型,待测试,,,,,,,,,,,,,,,,
类型,TPCB_PolygonSourceArray,,单多边形源数组,待测试,,,,,,,,,,,,,,,,
类型,TPCB_PrimitiveDimensionCoordinateSet,,尺寸标注坐标集,待测试,,,,,,,,,,,,,,,,
类型,TPCB_PrimitivePadHole,,焊盘钻孔,待测试,,,,,,,,,,,,,,,,
类型,TPCB_PrimitivePadShape,,焊盘外形,待测试,,,,,,,,,,,,,,,,
类型,TPCB_PrimitiveSpecialPadShape,,特殊焊盘外形,待测试,,,,,,,,,,,,,,,,
类型,TShortcutKeys,,快捷键按键,待测试,,,,,,,,,,,,,,,,